9071	907	0	2	70	decamación branquia 	0	1		
9072	907	0	3	74		0	2		
9073	907	0	3	61		0	3		
9074	907	1	1	71		0	4		
9075	907	0	2	75	decamación branquia 	0	5		
9076	907	1	1	77	decamación branquia 	0	6		
9077	907	0	1	72	desconocido glándula, decamación branquia 	0	7		
9078	907	0	2	64	decamación branquia 	0	8		
9079	907	1	2	62	decamación branquia, desconocido en glándula 	0	9		
9121	912	0	1	63		0	1		
9122	912	0	1	68	desconocido en glándula 	0	2		
9123	912	0	1	59		0	3		
9124	912	0	2	71		0	4		
9125	912	0	1	70	decamación branquia 	0	5		
9126	912	0	1	62		0	6		
9127	912	1	3	59		0	7		
9128	912	1	3	70		0	8		
9129	912	0	1	66	desconocido en bránquia, decamación branquia 	0	9		
9131	913	1	3	73	decamación branquia 	0	1		
9132	913	0	1	68	decamación branquia 	0	2		
9133	913	0	1	58	desconocido en intestino 	0	3		
9134	913	0	1	58	decamación branquia 	0	4		
9135	913	0	1	67	decamación branquia, desconocido en bránquia (posible meronte)	0	5		
9181	918	3	4	57	desconocido en glándula 	0	1		
9182	918	1	3	52	hoyos, metazoos en glándula 	0	2		
9183	918	3	4	63	hoyos	0	3		
9184	918	0	0	65	decamación branquia, hoyos	0	4		
9185	918	0	0	60	hoyos	0	5		
9186	918	0	3	66	desconocido manto, glándula, hoyos, desconocido bránquia 	0	6		
9187	918	0	3	56	desconocido en glándula, hoyos	0	7		
9188	918	2	3	55	metazoo pie, hoyos, desconocido bránquia 	0	8		
9189	918	0	3	61	hoyos, 4 desconocido bránquia (meronte?)	0	9		
9191	919	0	1	56		0	1-A-1	1	
9192	919	0	1	52		0	1-A-2	1	
9193	919	0	0	51		0	1-A-3	1	
9194	919	0	1	53		0	1-A-4	1	
9195	919	1	0	51		0	5-A-1	1	
9196	919	1	1	57		0	5-A-2	1	
9197	919	0	2	54		0	5-A-3	1	
9198	919	0	1	58		0	5-A-4	1	
9199	919	0	0	57		0	9-A-1	1	
9201	920	0	3	57	metazoos epitelio manto, pie	0	1		
9202	920	2	3	59		0	2		
9203	920	2	3	65	hoyos	0	3		
9204	920	1	3	58	metazoos manto, pie, hoyos	0	4		
9205	920	0	1	50		0	5		
9206	920	3	3	58	nefridio dilatados, hoyos	0	6		
9207	920	0	3	60		0	7		
9208	920	1	0	52		0	8		
9209	920	1	1	57	desconocido en saco del estilete 	0	9		
9211	921	1	0	57		0	37-A-1	1	
9212	921	3	4	62		0	37-A-2	1	
9213	921	1	0	57		0	37-A-3	1	
9214	921	1	0	59		0	37-A-4	1	
9215	921	0	1	57		0	37-A-5	1	
9216	921	1	1	60		0	37-A-6	1	
9217	921	0	1	60		0	37-A-7	1	
9218	921	3	4	55	hoyos	0	37-A-8	1	
9219	921	1	0	58	hoyos	0	37-A-9	1	
9221	922	3	4	70	desconocido en manto, pie	0	1		
9222	922	1	0	63	desconocido manto, hoyos, decamación branquia 	0	2		
9223	922	1	0	62		0	3		
9224	922	0	2	55	desconocido en manto, hoyos	0	4		
9225	922	3	4	58	desconocido en manto, decamación branquia 	0	5		
9226	922	0	2	57		0	6		
9227	922	3	4	65	hoyos	0	7		
9228	922	1	0	58	desconocido en manto, hoyos	0	8		
9229	922	2	3	59	decamación branquia, hoyos	0	9		
9231	923	0	1	60		0	1		
9232	923	1	0	61		0	2		
9233	923	1	1	59		0	3		
9234	923	1	1	62		0	4		
9235	923	1	1	51		0	5		
9236	923	1	0	60		0	6		
9237	923	0	1	54		0	7		
9238	923	0	3	62		0	8		
9239	923	1	0	60		0	9		
9241	924	1	0	55		0	1		
9242	924	1	0	50		0	2		
9243	924	1	0	45		0	3		
9244	924	0	2	50		0	4		
9245	924	0	0	52		0	5		
9246	924	0	1	57		0	6		
9247	924	1	3	60		0	7		
9248	924	0	0	59	decamación branquia 	0	8		
9249	924	1	0	58	decamación branquia 	0	9		
9291	929	0	1	78	hoyos	0	1	1	
9292	929	0	1	80	hoyos	0	2	1	
9293	929	0	2	88	hoyos	0	3	1	
9294	929	0	1	59	decamación branquia, nefridio dilatados 	0	4	1	
9295	929	1	3	64	hoyos	0	5	1	
9296	929	1	3	86	hoyos	0	6	1	
9297	929	0	0	52		0	7	1	
9298	929	0	2	53		0	8	1	
9299	929	0	1	60	decamación branquia 	0	9	1	
9311	931	3	4	60		0	1	1	
9312	931	0	3	62		0	2	1	
9313	931	1	1	70	decamación branquia, hoyos	0	3	1	
9314	931	0	1	64	desconocido en glándula 	0	4	1	
9315	931	1	1	75	hoyos	0	5	1	
9316	931	1	1	67	desconocido en glándula, hoyos	0	6	1	
9317	931	0	1	65	hoyos, decamación branquia 	0	7	1	
9318	931	2	1	73		0	8	1	
9319	931	3	4	62	decamación branquia 	0	9	1	
9471	947	0	1	72	hoyos, nefridio dilatados, epitelio roto saco del estilete 	0	1		
9472	947	0	1	63	epitelio roto saco del estilete 	0	2		
9473	947	1	3	67	descamado y desconocido bránquia, epitelio roto túbulos secundarios, intestino y saco del estilete 	0	3		
9474	947	0	1	60	epitelio roto intestino y saco del estilete 	0	4		
9475	947	1	3	64	hoyos, epitelio roto intestino y saco del estilete 	0	5		
9476	947	1	1	60	epitelio roto saco del estilete, desconocido en bránquia (larvas?)	0	6		
9477	947	0	1	65	desconocido en glándula, hoyos, epitelio roto intestino y saco del estilete 	0	7		
9478	947	1	1	65	desconocido en glándula, epitelio roto intestino y saco del estilete 	0	8		
9479	947	0	1	68	epitelio roto intestino y saco del estilete 	0	9		
9511	951	0	1	70		0	1		
9512	951	0	1	64		0	2		
9513	951	1	1	67		0	3		
9514	951	0	3	61	hoyos, epitelio roto intestino y saco del estilete 	0	4		
9515	951	0	1	60	hoyos, epitelio roto intestino 	0	5		
9516	951	0	2	68	epitelio roto saco del estilete 	0	6		
9517	951	0	1	77	epitelio roto intestino y saco del estilete 	0	7		
9518	951	0	1	67	desconocido intestino, epitelio saco del estilete roto	0	8		
9519	951	0	2	68	epitelio roto intestino y saco del estilete 	0	9		
9521	952	2	0	60	desconocido lumen intestino, 1 metazoos en gónada, epitelio roto intestino 	0	1		
9522	952	0	0	59	epitelio roto intestino, 5 metazoos en pie	0	2		
9523	952	1	1	58	desconocido lumen intestino, epitelio roto intestino y saco del estilete 	0	3		
9524	952	2	3	65	epitelio roto intestino y saco del estilete 	0	4		
9525	952	1	1	60	desconocido lumen intestino, decamación branquia 	0	5		
9526	952	0	3	61	epitelio roto túbulos secundarios, intestino y saco del estilete, 6 metazoos en pie	0	6		
9527	952	0	1	55	epitelio roto saco del estilete, nefridio dilatados 	0	7		
9528	952	0	1	59	epitelio roto saco del estilete 	0	8		
9529	952	1	1	52	decamación branquia 	0	9		
9531	953	0	3	72	desconocido lumen intestino, hoyos	0	1		
9532	953	1	3	75	1 metazoos en glándula 	0	2		
9533	953	1	1	62	desconocido lumen intestino, nefridio dilatados, 1 metazoos epitelio manto	0	3		
9534	953	1	0	73	hoyos	0	4		
9535	953	0	3	71		0	5		
9536	953	0	3	61		0	6		
9537	953	1	1	64	desconocido en intestino 	0	7		
9538	953	0	3	73	decamación branquia 	0	8		
9539	953	2	3	69	decamación branquia 	0	9		
9671	967	1	1	0	ciliados intracelular en glándula, decamación branquia 	0	1		
9672	967	0	1	0	decamación branquia 	0	2		
9673	967	0	1	0	decamación branquia 	0	3		
9674	967	1	3	0		0	4		
9675	967	1	1	0		0	6		
9676	967	1	3	0	desconocido en bránquia 	0	7		
9677	967	1	3	0		0	8		
9678	967	1	3	0	decamación branquia 	0	9		
9679	967	1	3	0		0	10		
9721	972	1	3	0	decamación branquia 	0	1		
9722	972	1	3	0	ciliados intracelular en glándula, decamación branquia 	0	2		
9723	972	0	1	0	ciliados intracelular en glándula 	0	3		
9724	972	1	3	0	decamación branquia 	0	5		
9725	972	1	3	0	decamación branquia 	0	6		
9726	972	1	3	0	decamación branquia 	0	7		
9727	972	1	3	0		0	8		
9728	972	1	3	0	ciliados intracelular en glándula 	0	9		
9729	972	1	3	0	ciliados intracelular en glándula, decamación branquia 	0	10		
9761	976	3	4	60	glándula alterada, decamación branquia 	0	1		
9762	976	0	3	70	glándula alterada	0	2		
9763	976	0	3	77		0	3		
9764	976	0	3	61		0	4		
9765	976	0	3	59	glándula alterada	0	5		
9766	976	3	3	72		0	6		
9767	976	3	0	62	glándula alterada	0	7		
9768	976	0	3	70		0	8		
9769	976	0	2	61		0	9		
9771	977	0	3	70		0	1		
9772	977	2	3	63		0	2		
9773	977	3	0	55		0	3		
9774	977	1	3	59		0	4		
9775	977	0	0	60		0	5		
9776	977	1	0	61		0	6		
9777	977	0	3	63		0	7		
9778	977	1	0	57		0	8		
9779	977	2	4	61		0	9		
9781	978	0	2	63	decamación branquia 	0	1		
9782	978	1	1	69	decamación branquia 	0	2		
9783	978	1	1	77		0	3		
9784	978	1	0	76		0	4		
9785	978	1	1	66		0	5		
9786	978	1	3	62		0	6		
9787	978	1	1	64	decamación branquia 	0	7		
9788	978	1	1	72	decamación branquia 	0	8		
9789	978	1	3	80	desconocido en epitelio saco del estilete 	0	9		
9791	979	0	1	68		0	1		
9792	979	0	1	57		0	2		
9793	979	1	1	63		0	3		
9794	979	0	1	66		0	4		
9795	979	1	1	59		0	5		
9796	979	0	1	69	desconocido en intestino 	0	6		
9797	979	1	1	67		0	7		
9798	979	1	1	73	decamación branquia 	0	8		
9799	979	1	1	69	decamación branquia 	0	9		
9821	982	0	1	65	decamación branquia 	0	1		
9822	982	0	3	68		0	2		
9823	982	0	2	62		0	3		
9824	982	1	1	71	decamación branquia 	0	4		
9825	982	0	2	78	ciliados en m. pli	0	5		
9826	982	0	2	70		0	6		
9827	982	0	1	80		0	7		
9828	982	0	2	68		0	8		
9829	982	1	3	75		0	9		
9831	983	0	1	60		0	1		
9832	983	1	3	61		0	2		
9833	983	0	3	60		0	3		
9834	983	0	1	62		0	4		
9835	983	0	1	63	decamación branquia 	0	5		
9836	983	1	1	57		0	6		
9837	983	1	3	62		0	7		
9838	983	1	3	57		0	8		
9839	983	1	1	56		0	9		
9851	985	1	1	70	decamación branquia 	0	1		
9852	985	0	2	76	decamación branquia 	0	2		
9853	985	1	3	70	ciliados intracelulares en glándula 	0	3		
9854	985	0	2	69	decamación branquia 	0	4		
9855	985	1	3	65		0	5		
9856	985	0	1	71		0	6		
9857	985	1	3	62		0	7		
9858	985	0	1	63		0	8		
9859	985	0	2	59		0	9		
9931	993	3	4	68		0	1		
9932	993	3	4	58		0	2		
9933	993	3	4	60		0	3		
9934	993	3	4	73		0	4		
9935	993	0	0	72	ciliados intracelulares en glándula 	0	5		
9936	993	1	3	65		0	6		
9937	993	3	4	51		0	7		
9938	993	3	4	60		0	8		
9939	993	3	4	52		0	9		
9941	994	3	4	71		0	1		
9942	994	1	1	61	decamación branquia 	0	2		
9943	994	1	0	63	ciliados intracelulares en glándula, decamación branquia 	0	3		
9944	994	3	4	63		0	4		
9945	994	1	0	67	decamación branquia 	0	5		
9946	994	3	4	68		0	6		
9947	994	3	4	57		0	7		
9948	994	1	1	65	ciliados intracelulares en glándula, decamación branquia 	0	8		
9949	994	1	3	61	decamación branquia 	0	9		
9951	995	3	4	68		0	1		
9952	995	0	1	71	decamación branquia 	0	2		
9953	995	1	3	63	ciliados intracelulares en glándula, decamación branquia 	0	3		
9954	995	3	4	70		0	4		
9955	995	1	2	70	decamación branquia 	0	5		
9956	995	1	2	71	decamación branquia 	0	6		
9957	995	1	3	62	decamación branquia 	0	7		
9958	995	3	4	73		0	8		
9959	995	1	2	80	decamación branquia 	0	9		
9961	996	3	4	60		0	1		
9962	996	0	3	70	decamación branquia 	0	2		
9963	996	1	1	70		0	3		
9964	996	0	1	63	ciliados intracelulares en glándula, decamación branquia 	0	4		
9965	996	0	1	51	ciliados intracelulares en glándula 	0	5		
9966	996	1	1	56		0	6		
9967	996	1	1	73	decamación branquia 	0	7		
9968	996	1	3	69		0	8		
9969	996	3	4	75		0	9		
9971	997	0	1	62	ciliados intracelulares en glándula, decamación branquia 	0	1		
9972	997	1	1	69		0	2		
9973	997	1	3	68		0	3		
9974	997	3	4	60		0	4		
9975	997	1	3	57	decamación branquia 	0	5		
9976	997	1	1	58		0	6		
9977	997	1	1	69	decamación branquia 	0	7		
9978	997	1	1	63	decamación branquia 	0	8		
9979	997	0	1	64	decamación branquia 	0	9		
9981	998	0	3	62		0	1		
9982	998	0	2	63		0	2		
9983	998	0	1	65		0	3		
9984	998	1	2	66		0	4		
9985	998	0	3	58		0	5		
9986	998	0	2	63	ciliados intracelulares en glándula 	0	6		
9987	998	2	1	68	decamación branquia 	0	7		
9988	998	1	1	68	decamación branquia 	0	8		
9989	998	0	2	63		0	9		
9991	999	0	1	70	ciliados intracelulares en glándula, decamación branquia 	0	1		
9992	999	2	2	77	ciliados intracelulares en glándula 	0	2		
9993	999	0	1	78	decamación branquia 	0	3		
9994	999	0	2	73	decamación branquia 	0	4		
9995	999	1	3	86	decamación branquia 	0	5		
9996	999	0	1	67		0	6		
9997	999	0	3	66		0	7		
9998	999	0	3	75	decamación branquia 	0	8		
9999	999	1	3	67	ciliados intracelulares en glándula, decamación branquia 	0	9		
10001	1000	0	3	76	decamación branquia 	0	1		
10002	1000	1	3	77		0	2		
10003	1000	0	1	80	decamación branquia 	0	3		
10004	1000	1	1	76	decamación branquia 	0	4		
10005	1000	1	0	79	ciliados intracelulares en glándula 	0	5		
10006	1000	1	1	75	decamación branquia 	0	6		
10007	1000	1	1	76	decamación branquia 	0	7		
10008	1000	0	2	77	decamación branquia 	0	8		
10009	1000	0	2	73		0	9		
10011	1001	1	1	70		0	1		
10012	1001	1	3	68	ciliados intracelulares en glándula 	0	2		
10013	1001	1	0	73	decamación branquia 	0	3		
10014	1001	0	1	69		0	4		
10015	1001	0	1	59	decamación branquia 	0	5		
10016	1001	1	1	63	ciliados intracelulares en glándula 	0	6		
10017	1001	1	1	72	decamación branquia 	0	7		
10018	1001	1	1	63	ciliados intracelulares en glándula 	0	8		
10019	1001	0	1	63	decamación branquia 	0	9		
10021	1002	1	1	67	decamación branquia 	0	1		
10022	1002	0	1	68	decamación branquia 	0	2		
10023	1002	1	1	64	decamación branquia 	0	3		
10024	1002	1	3	72		0	4		
10025	1002	1	1	72	decamación branquia 	0	5		
10026	1002	1	3	75	decamación branquia 	0	6		
10027	1002	0	1	61	decamación branquia 	0	7		
10028	1002	1	3	60		0	8		
10029	1002	1	1	68		0	9		
10031	1003	3	0	71	decamación branquia 	0	1		
10032	1003	0	1	61		0	2		
10033	1003	0	1	60	decamación branquia 	0	3		
10034	1003	0	1	67		0	4		
10035	1003	1	1	73	decamación branquia 	0	5		
10036	1003	0	1	72	decamación branquia 	0	6		
10037	1003	0	3	64	decamación branquia 	0	7		
10038	1003	0	2	66	ciliados intracelulares en glándula 	0	8		
10039	1003	0	1	70		0	9		
10041	1004	1	1	60	decamación branquia 	0	1		
10042	1004	1	1	60		0	2		
10043	1004	1	1	58	decamación branquia 	0	3		
10044	1004	1	2	59	decamación branquia 	0	4		
10045	1004	1	1	51	ciliados intracelulares en glándula, decamación branquia 	0	5		
10046	1004	0	0	52		0	6		
10047	1004	0	2	53	ciliados intracelulares en glándula 	0	7		
10048	1004	1	2	55	ciliados intracelulares en glándula, decamación branquia 	0	8		
10049	1004	0	0	56	ciliados intracelulares en glándula 	0	9		
10151	1015	1	2	70	decamación branquia 	0	1		
10152	1015	3	4	64		0	2		
10153	1015	1	2	77	decamación branquia 	0	3		
10154	1015	0	2	84		0	4		
10155	1015	1	1	69	decamación branquia 	0	5		
10156	1015	0	2	70	decamación branquia 	0	6		
10157	1015	1	1	78	decamación branquia 	0	7		
10158	1015	1	2	73	decamación branquia 	0	8		
10159	1015	0	2	73	decamación branquia 	0	9		
10161	1016	0	1	60		0	1		
10162	1016	0	2	60	decamación branquia 	0	2		
10163	1016	0	1	66		0	3		
10164	1016	0	2	63		0	4		
10165	1016	0	2	72		0	5		
10166	1016	0	2	65	esferas extrañas en bránquia 	0	6		
10167	1016	1	3	60		0	7		
10168	1016	1	1	70	desconocido en bránquia 	0	8		
10169	1016	1	1	70	decamación branquia 	0	9		
10171	1017	1	1	67		0	1		
10172	1017	0	1	66		0	2		
10173	1017	0	1	67		0	3		
10174	1017	0	1	68		0	4		
10175	1017	1	3	70		0	5		
10176	1017	1	1	62		0	6		
10177	1017	1	1	70		0	7		
10178	1017	0	1	61	decamación branquia 	0	8		
10179	1017	0	1	72		0	9		
10181	1018	1	3	70		0	1		
10182	1018	1	2	71		0	2		
10183	1018	3	4	71		0	3		
10184	1018	1	3	69		0	4		
10185	1018	0	0	81		0	5		
10186	1018	1	3	74		0	6		
10187	1018	0	1	72		0	7		
10188	1018	0	1	69	decamación branquia, esferas transparentes en bránquia 	0	8		
10189	1018	1	2	62		0	9		
10401	1040	0	3	70		0	1		
10402	1040	3	4	65		0	2		
10403	1040	0	3	71		0	3		
10404	1040	0	0	60		0	4		
10405	1040	0	0	68		0	5		
10406	1040	0	0	56		0	6		
10407	1040	0	0	53		0	7		
10408	1040	2	0	51		0	8		
10409	1040	0	3	68		0	9		
10421	1042	1	0	56		0	1		
10422	1042	0	1	55	decamación branquia 	0	2		
10423	1042	1	0	54		0	3		
10424	1042	1	1	53		0	4		
10425	1042	0	1	68	decamación branquia 	0	5		
10426	1042	0	1	56	decamación branquia 	0	6		
10427	1042	1	1	54	decamación branquia 	0	7		
10428	1042	0	1	52		0	8		
10429	1042	0	1	56		0	9		
10431	1043	0	1	61	decamación branquia 	0	1		
10432	1043	0	1	72	decamación branquia 	0	2		
10433	1043	0	3	70	decamación branquia 	0	3		
10434	1043	1	1	61		0	4		
10435	1043	1	1	70	decamación branquia 	0	5		
10436	1043	0	1	61	decamación branquia 	0	6		
10437	1043	0	1	55	decamación branquia 	0	7		
10438	1043	1	0	55	decamación branquia 	0	8		
10439	1043	0	1	62	decamación branquia 	0	9		
10441	1044	0	1	61	decamación branquia 	0	1		
10442	1044	0	1	72	decamación branquia 	0	2		
10443	1044	0	3	70	decamación branquia 	0	3		
10444	1044	1	1	61		0	4		
10445	1044	1	1	70	decamación branquia 	0	5		
10446	1044	0	1	61	decamación branquia 	0	6		
10447	1044	0	1	55	decamación branquia 	0	7		
10448	1044	1	0	55	decamación branquia 	0	8		
10449	1044	0	1	62	decamación branquia 	0	9		
10451	1045	1	1	73	decamación branquia 	0	1		
10452	1045	1	1	77	decamación branquia 	0	2		
10453	1045	1	1	77		0	3		
10454	1045	0	1	71	decamación branquia 	0	4		
10455	1045	1	1	67	decamación branquia 	0	5		
10456	1045	0	1	71		0	6		
10457	1045	0	1	78	decamación branquia 	0	7		
10458	1045	0	3	65	decamación branquia 	0	8		
10459	1045	1	1	71	decamación branquia 	0	9		
10461	1046	0	1	64	decamación branquia 	0	1		
10462	1046	1	1	66	decamación branquia 	0	2		
10463	1046	0	1	60	decamación branquia 	0	3		
10464	1046	0	1	63		0	4		
10465	1046	3	4	60		0	5		
10466	1046	1	0	66		0	6		
10467	1046	1	3	63	decamación branquia 	0	7		
10468	1046	0	1	63		0	8		
10469	1046	0	1	65		0	9		
10471	1047	0	1	73	decamación branquia 	0	1		
10472	1047	1	1	83	decamación branquia 	0	2		
10473	1047	1	1	62	decamación branquia 	0	3		
10474	1047	0	3	80	decamación branquia 	0	4		
10475	1047	0	1	77	decamación branquia 	0	5		
10476	1047	1	1	75	célula extrañas en bránquia, decamación branquia 	0	6		
10477	1047	1	0	82	decamación branquia 	0	7		
10478	1047	2	3	78	ciliados intracel en glándula, decamación branquia 	0	8		
10479	1047	0	1	66		0	9		
10481	1048	1	1	58	decamación branquia 	0	1		
10482	1048	0	3	80	decamación branquia 	0	2		
10483	1048	1	1	72	decamación branquia 	0	3		
10484	1048	0	1	62	ciliados intracelular en glándula, decamación branquia 	0	4		
10485	1048	1	1	72	decamación branquia 	0	5		
10486	1048	0	1	77		0	6		
10487	1048	0	1	61	decamación branquia 	0	7		
10488	1048	2	1	76	decamación branquia 	0	8		
10489	1048	0	1	71	decamación branquia 	0	9		
10491	1049	1	3	61	decamación branquia 	0	1		
10492	1049	0	1	71		0	2		
10493	1049	0	1	78	decamación branquia 	0	3		
10494	1049	1	1	76	decamación branquia 	0	4		
10495	1049	1	1	80	decamación branquia 	0	5		
10496	1049	2	3	70	decamación branquia 	0	6		
10497	1049	0	1	78	decamación branquia 	0	7		
10498	1049	1	1	80	decamación branquia 	0	8		
10499	1049	0	1	73	decamación branquia 	0	9		
10501	1050	0	1	71	decamación branquia 	0	1		
10502	1050	0	1	70	decamación branquia 	0	2		
10503	1050	1	2	56	decamación branquia 	0	3		
10504	1050	0	3	60		0	4		
10505	1050	0	1	71	decamación branquia 	0	5		
10506	1050	1	0	68	decamación branquia 	0	6		
10507	1050	1	1	60	decamación branquia 	0	7		
10508	1050	0	3	68	decamación branquia 	0	8		
10509	1050	1	1	68	decamación branquia 	0	9		
10511	1051	1	1	75		0	1		
10512	1051	0	1	70		0	2		
10513	1051	0	1	70		0	3		
10514	1051	1	1	75	ciliados intracelular en glándula 	0	4		
10515	1051	0	1	70		0	5		
10516	1051	1	0	65		0	6		
10517	1051	0	1	60		0	7		
10518	1051	1	1	70	ciliados intracelular en glándula 	0	8		
10519	1051	1	1	75		0	9		
10521	1052	0	1	70	ciliados intracelular en glándula 	0	1		
10522	1052	0	1	68	decamación branquia 	0	2		
10523	1052	1	1	70		0	3		
10524	1052	0	1	75	decamación branquia 	0	4		
10525	1052	0	1	80		0	5		
10526	1052	1	1	80	decamación branquia 	0	6		
10527	1052	1	1	70		0	7		
10528	1052	1	1	65	decamación branquia 	0	8		
10529	1052	0	1	70		0	9		
10531	1053	1	0	100		0	1		
10532	1053	1	1	93		0	2		
10533	1053	1	3	89		0	3		
10534	1053	0	1	90	decamación branquia 	0	4		
10535	1053	0	1	80	decamación branquia 	0	5		
10536	1053	1	3	84		0	6		
10537	1053	1	1	84		0	7		
10538	1053	1	3	80	decamación branquia 	0	8		
10539	1053	1	1	80		0	9		
10561	1056	1	2	70	decamación branquia 	0	1		
10562	1056	1	1	62	decamación branquia 	0	2		
10563	1056	0	3	85	decamación branquia 	0	3		
10564	1056	0	2	68		0	4		
10565	1056	0	2	74		0	5		
10566	1056	1	1	72	decamación branquia 	0	6		
10567	1056	1	1	77	decamación branquia 	0	7		
10568	1056	0	2	61	decamación branquia 	0	8		
10569	1056	0	3	78		0	9		
10591	1059	0	3	60	decamación branquia 	0	1		
10592	1059	2	3	58		0	2		
10593	1059	0	3	62	decamación branquia 	0	3		
10594	1059	0	1	68		0	4		
10595	1059	2	3	70		0	5		
10596	1059	0	1	60		0	6		
10597	1059	2	4	70	decamación branquia 	0	7		
10598	1059	1	1	67	decamación branquia 	0	8		
10599	1059	0	3	60		0	9		
10651	1065	3	4	68	decamación branquia 	0	1		
10652	1065	0	1	80	decamación branquia, 1 paravortex en intestino 	0	2		
10653	1065	0	1	60	decamación branquia 	0	3		
10654	1065	0	1	70	decamación branquia 	0	4		
10655	1065	1	1	70	decamación branquia 	0	5		
10656	1065	1	1	73	decamación branquia 	0	6		
10657	1065	0	1	71	decamación branquia, 1 paravortex en intestino 	0	7		
10658	1065	0	1	75	decamación branquia 	0	8		
10659	1065	1	1	63		0	9		
10661	1066	1	1	70	decamación branquia 	0	1		
10662	1066	0	1	63	ciliados intracelular en bránquia, decamación branquia 	0	2		
10663	1066	1	1	62	decamación branquia 	0	3		
10664	1066	0	1	51	decamación branquia 	0	4		
10665	1066	0	1	72	decamación branquia 	0	5		
10666	1066	1	1	63	decamación branquia 	0	6		
10667	1066	1	1	70	decamación branquia 	0	7		
10668	1066	1	1	63	decamación branquia 	0	8		
10669	1066	1	1	71	decamación branquia 	0	9		
10671	1067	1	1	71	decamación branquia 	0	1		
10672	1067	1	1	71	ciliados intracelular en glándula, decamación branquia 	0	2		
10673	1067	1	1	71	decamación branquia 	0	3		
10674	1067	0	1	68	ciliados intracelular en glándula, decamación branquia 	0	4		
10675	1067	0	3	64	decamación branquia 	0	5		
10676	1067	0	2	64		0	6		
10677	1067	1	2	63	decamación branquia 	0	7		
10678	1067	0	2	73	decamación branquia 	0	8		
10679	1067	0	2	70	decamación branquia 	0	9		
10681	1068	0	1	60	decamación branquia 	0	1		
10682	1068	1	1	61	decamación branquia 	0	2		
10683	1068	1	1	55	decamación branquia 	0	3		
10684	1068	1	1	60	decamación branquia 	0	4		
10685	1068	1	1	54	decamación branquia 	0	5		
10686	1068	0	1	51	decamación branquia 	0	6		
10687	1068	0	1	66	decamación branquia 	0	7		
10688	1068	1	1	60	decamación branquia 	0	8		
10689	1068	0	1	52	decamación branquia 	0	9		
10691	1069	0	1	70		0	1		
10692	1069	0	1	77	decamación branquia 	0	2		
10693	1069	1	1	65	decamación branquia 	0	3		
10694	1069	0	1	60	muy poca glándula, decamación branquia 	0	4		
10695	1069	1	1	60		0	5		
10696	1069	2	3	62	decamación branquia 	0	6		
10697	1069	0	1	64	decamación branquia 	0	7		
10698	1069	1	1	68	decamación branquia 	0	8		
10699	1069	0	1	62	decamación branquia 	0	9		
90710	907	1	2	70	decamación branquia, desconocido en bránquia y glándula 	0	10		
90711	907	1	3	72	decamación branquia 	0	11		
90712	907	0	1	73		0	12		
90713	907	1	1	62	decamación branquia, desconocido glándula 	0	13		
90714	907	0	1	68	decamación branquia, desconocido en intestino 	0	14		
90715	907	1	1	72	decamación branquia 	0	15		
90716	907	0	1	73		0	16		
90717	907	0	2	62	decamación branquia 	0	17		
90718	907	0	3	68	decamación branquia 	0	18		
90719	907	1	1	67	decamación branquia 	0	19		
90720	907	1	3	70		0	20		
90721	907	0	3	65	decamación branquia 	0	21		
90722	907	1	3	66	decamación branquia, desconocido glándula 	0	22		
90723	907	0	1	59	decamación branquia 	0	23		
90724	907	0	3	62		0	24		
90725	907	1	1	70		0	25		
90726	907	0	1	62	decamación branquia 	0	26		
90727	907	2	3	65	decamación branquia 	0	27		
90728	907	1	3	62	decamación branquia 	0	28		
90729	907	0	3	70	decamación branquia 	0	29		
90730	907	0	2	66		0	30		
90731	907	1	3	69	decamación branquia 	0	31		
90732	907	1	3	62	decamación branquia 	0	32		
90733	907	1	1	67	decamación branquia 	0	33		
90734	907	1	2	66		0	34		
90735	907	0	3	65	decamación branquia 	0	35		
90736	907	0	2	63	decamación branquia 	0	36		
90737	907	1	3	62	decamación branquia 	0	37		
90738	907	0	3	67	decamación branquia 	0	38		
90739	907	1	3	72	decamación branquia 	0	39		
91210	912	1	1	63	decamación branquia 	0	10		
91211	912	2	3	71		0	11		
91212	912	1	1	67	célula cafe en folic vacio, desconocido lumen intestino 	0	12		
91810	918	0	3	51	hoyos	0	10		
91811	918	0	3	72	hoyos, 1 desconocido bránquia (me), desconocido bránquia 	0	11		
91812	918	1	1	57	hoyos, 1 metazoos en pie	0	12		
91813	918	0	3	67	desconocido en pie, hoyos, decamación branquia 	0	13		
91814	918	0	3	54	hoyos	0	14		
91815	918	1	1	56	desconocido en saco del estilete 	0	15		
91816	918	0	0	62	1 metazoos en gónada 	0	16		
91817	918	1	0	54	hoyos	0	17		
91818	918	1	3	58	hoyos	0	18		
91819	918	0	3	68	decamación branquia, hoyos	0	19		
91820	918	1	3	57	hoyos, 3 metazoos 	0	20		
91910	919	0	2	50		0	13-A-1	1	
91911	919	0	0	50		0	13-A-2	1	
91912	919	0	2	46		0	13-A-3	1	
91913	919	1	0	49		0	13-A-4	1	
91914	919	1	0	42		0	17-A-1	1	
91915	919	1	0	5		0	17-A-2	1	
91916	919	0	1	64		0	17-A-3	1	
91917	919	1	0	49		0	17-A-4	1	
91918	919	0	0	5		0	17-A-5	1	
91919	919	0	0	42	metazoos en manto 	0	17-A-6	1	
91920	919	0	1	5		0	17-A-7	1	
91921	919	1	0	49		0	17-A-8	1	
91922	919	0	2	45		0	17-A-9	1	
91923	919	0	1	53		0	17-A10	1	
91924	919	0	2	53		0	21-A-1	1	
91925	919	0	2	48	desconocido en epitelio manto 	0	21-A-2	1	
91926	919	0	1	61		0	25-A-1	1	
91927	919	1	1	66	nefridio dilatados 	0	25-A-2	1	
91928	919	0	1	58		0	29-A-1	1	
91929	919	1	0	54		0	29-A-2	1	
91930	919	1	3	59		0	29-A-3	1	
91931	919	0	0	52		0	29-A-4	1	
91932	919	3	4	56		0	33-A-1	1	
91933	919	0	1	57		0	33-A-2	1	
91934	919	0	0	55		0	33-A-3	1	
91935	919	0	1	68		0	33-A-4	1	
91936	919	1	1	70		0	33-A-5	1	
91937	919	1	0	55		0	2-B-1	2	
91938	919	1	0	56	nefridio dilatados 	0	2-B-2	2	
91939	919	0	2	54		0	2-B-3	2	
91940	919	1	0	48	nefridio dilatados 	0	2-B-4	2	
91941	919	1	1	58		0	2-B-5	2	
91942	919	0	1	53	hoyos	0	2-B-6	2	
91943	919	0	1	67		0	2-B-7	2	
91944	919	0	1	52		0	2-B-8	2	
91945	919	1	0	59		0	2-B-9	2	
91946	919	0	1	50		0	6-B-1	2	
91947	919	0	1	50		0	6-B-2	2	
91948	919	1	1	54		0	6-B-3	2	
91949	919	1	1	60		0	6-B-4	2	
91950	919	1	0	52		0	10-B-1	2	
91951	919	0	1	50		0	10-B-2	2	
91952	919	1	0	45		0	14-B-1	2	
91953	919	0	1	51		0	14-B-2	2	
91954	919	1	0	45	nefridio dilatados 	0	14-B-3	2	
91955	919	1	0	45		0	18-B-1	2	
91956	919	1	0	48		0	18-B-2	2	
91957	919	1	3	50		0	18-B-3	2	
91958	919	1	0	47		0	18-B-4	2	
91959	919	0	1	47		0	18-B-5	2	
91960	919	1	0	55		0	18-B-6	2	
91961	919	0	1	49		0	18-B-7	2	
91962	919	1	1	49		0	22-B-1	2	
91963	919	0	0	47		0	22-B-2	2	
91964	919	0	2	60		0	26-B-1	2	
91965	919	1	0	60		0	26-B-2	2	
91966	919	0	1	53		0	30-B-1	2	
91967	919	1	1	51		0	30-B-2	2	
91968	919	1	0	54		0	30-B-3	2	
91969	919	1	1	55		0	30-B-4	2	
91970	919	0	2	46		0	34-B-1	2	
91971	919	1	3	61		0	34-B-2	2	
91972	919	1	0	55	nefridio dilatados 	0	34-B-3	2	
91973	919	0	2	54		0	34-B-4	2	
91974	919	0	3	54	hoyos	0	34-B-5	2	
91975	919	1	0	59		0	34-B-6	2	
91976	919	1	3	43		0	3-C-1	3	
91977	919	0	1	48	nefridio dilatados 	0	3-C-2	3	
91978	919	1	1	57	nefridio dilatados 	0	3-C-3	3	
91979	919	0	1	63		0	3-C-4	3	
91980	919	1	1	58		0	3-C-5	3	
91981	919	0	1	58		0	3-C-6	3	
91982	919	0	1	55		0	3-C-7	3	
91983	919	1	0	57		0	3-C-8	3	
91984	919	0	1	41		0	3-C-9	3	
91985	919	1	0	63		0	3-C-10	3	
91986	919	1	1	62		0	7-C-1	3	
91987	919	3	4	56		0	7-C-2	3	
91988	919	0	1	56		0	7-C-3	3	
91989	919	1	1	56		0	7-C-4	3	
91990	919	0	1	57		0	11-C-1	3	
91991	919	1	1	53		0	11-C-2	3	
91992	919	0	1	44		0	15-C-1	3	
91993	919	1	1	45		0	15-C-2	3	
91994	919	0	1	46	desconocido en pie	0	15-C-3	3	
91995	919	1	0	45		0	15-C-4	3	
91996	919	0	1	45		0	19-C-1	3	
91997	919	1	1	52		0	19-C-2	3	
91998	919	0	0	47		0	19-C-3	3	
91999	919	0	1	49		0	19-C-4	3	
92010	920	2	3	63	hoyos	0	10		
92011	920	0	3	61	metazoos en manto, hoyos	0	11		
92012	920	1	0	63	hoyos, nefridio dilatados 	0	12		
92013	920	0	3	60	metazoos en glándula, pie	0	13		
92014	920	2	3	56	hoyos, metazoos en pie	0	14		
92015	920	2	3	65	hoyos	0	15		
92016	920	1	1	50	hoyos	0	16		
92017	920	1	0	55	hoyos, decamación branquia 	0	17		
92018	920	1	1	65	desconocido pie, hoyos, decamación branquia 	0	18		
92019	920	1	0	50	hoyos, desconocido en glándula, saco del estilete 	0	19		
92020	920	1	1	55	decamación branquia, hoyos	0	20		
92021	920	1	3	57	hoyos	0	21		
92110	921	1	0	62		0	37-A-10	1	
92111	921	1	3	58		0	41-A-1	1	
92112	921	0	1	55		0	41-A-2	1	
92113	921	1	3	57		0	41-A-3	1	
92114	921	0	2	50		0	41-A-4	1	
92115	921	1	3	55		0	41-A-5	1	
92116	921	1	3	54		0	41-A-6	1	
92117	921	1	0	56		0	41-A-7	1	
92118	921	0	0	55		0	38-B-1	2	
92119	921	1	0	58		0	38-B-2	2	
92120	921	1	0	57		0	38-B-3	2	
92121	921	0	1	51		0	38-B-4	2	
92122	921	0	2	60		0	42-B-1	2	
92123	921	1	0	60	hoyos	0	42-B-2	2	
92124	921	1	1	53		0	42-B-3	2	
92125	921	1	3	58	hoyos	0	42-B-4	2	
92126	921	1	0	54		0	42-B-5	2	
92127	921	0	1	66		0	39-C-1	3	
92128	921	0	1	50		0	39-C-2	3	
92129	921	1	0	60		0	43-C-1	3	
92130	921	1	1	56	desconocido en saco del estilete, decamación branquia 	0	43-C-2	3	
92131	921	3	0	64		0	43-C-3	3	
92132	921	0	1	55		0	43-C-4	3	
92133	921	1	2	54		0	43-C-5	3	
92134	921	0	1	51		0	43-C-6	3	
92135	921	1	0	58		0	43-C-7	3	
92136	921	1	0	55		0	43-C-8	3	
92137	921	1	0	55		0	44-D-1	4	
92138	921	1	0	51	desconocido en pie	0	44-D-2	4	
92139	921	1	0	55		0	44-D-3	4	
92210	922	0	0	53	hoyos	0	10		
92211	922	0	2	50	desconocido en glándula 	0	11		
92212	922	1	0	50	nefridio dilatados, hoyos	0	12		
92213	922	1	1	48	hoyos	0	13		
92310	923	0	1	58	hoyos	0	10		
92311	923	1	1	61		0	11		
92312	923	0	1	58		0	12		
92313	923	1	0	55		0	13		
92314	923	1	1	66		0	14		
92315	923	3	4	63		0	15		
92316	923	1	3	54		0	16		
92317	923	1	1	45		0	17		
92318	923	0	1	54		0	18		
92319	923	1	1	53		0	19		
92320	923	0	1	64		0	20		
92321	923	0	1	54		0	21		
92322	923	1	0	60		0	22		
92323	923	1	2	55		0	23		
92324	923	0	1	57		0	24		
92325	923	0	2	55		0	25		
92326	923	0	1	56		0	26		
92327	923	0	1	47		0	27		
92328	923	0	1	53		0	28		
92329	923	0	1	64		0	29		
92330	923	1	0	52		0	30		
92331	923	1	0	54		0	31		
92332	923	0	1	48	ciliados en pie	0	32		
92333	923	0	1	46		0	33		
92334	923	1	3	60	hoyos	0	34		
92335	923	0	1	47		0	35		
92336	923	0	1	55		0	36		
92337	923	1	0	44		0	37		
92338	923	0	1	60		0	38		
92339	923	0	1	47		0	39		
92340	923	1	1	51		0	40		
92341	923	0	1	33		0	41		
92342	923	1	0	37		0	42		
92343	923	1	0	45		0	43		
92344	923	0	0	43		0	44		
92410	924	1	0	52	decamación branquia 	0	10		
92411	924	1	0	56	decamación branquia 	0	11		
92412	924	0	2	57	nefridio dilatados 	0	12		
92413	924	1	0	52		0	13		
92414	924	1	3	55	decamación branquia, hoyos	0	14		
92415	924	0	2	54		0	15		
92416	924	0	2	56	decamación branquia, hoyos	0	16		
92417	924	0	1	58	hoyos	0	17		
92418	924	0	0	43	hoyos	0	18		
92419	924	0	1	59	decamación branquia 	0	19		
92420	924	0	1	55		0	20		
92421	924	0	1	60	desconocido en bránquia 	0	21		
92422	924	0	1	51		0	22		
92423	924	0	1	46		0	23		
92424	924	0	3	47	hoyos	0	24		
92425	924	0	0	53	nefridio dilatados 	0	25		
92426	924	1	0	60		0	26		
92427	924	1	0	56		0	27		
92428	924	0	0	51		0	28		
92429	924	0	3	58	decamación branquia 	0	29		
92430	924	0	2	57		0	30		
92431	924	0	2	51	decamación branquia 	0	31		
92432	924	1	0	56	decamación branquia 	0	32		
92433	924	1	0	55	hoyos, decamación branquia 	0	33		
92434	924	1	0	60		0	34		
92435	924	0	1	55		0	35		
92436	924	1	0	51		0	36		
92437	924	0	1	60		0	37		
92438	924	0	2	50		0	38		
92439	924	0	2	62		0	39		
92440	924	0	0	49		0	40		
92441	924	0	2	54		0	41		
92442	924	1	0	50	decamación branquia 	0	42		
92443	924	1	0	58	nefridio dilatados 	0	43		
92910	929	1	0	51		0	10	1	
92911	929	0	1	74	hoyos	0	11	2	
92912	929	0	1	63	nefridio dilatados, hoyos	0	12	2	
92913	929	1	3	77		0	13	2	
92914	929	0	2	83	hoyos	0	14	2	
92915	929	0	1	78	hoyos	0	15	2	
92916	929	1	3	65	hoyos	0	16	2	
92917	929	1	3	78		0	17	2	
92918	929	0	1	87		0	18	2	
92919	929	0	1	90	hoyos	0	19	3	
92920	929	1	0	80		0	20	3	
92921	929	3	3	70		0	21	3	
92922	929	1	3	70	hoyos	0	22	3	
92923	929	1	0	78	decamación branquia 	0	23	3	
92924	929	0	1	51		0	24	3	
92925	929	0	2	49	desconocido en lumen intestino 	0	25	3	
92926	929	0	0	56		0	26	3	
92927	929	1	1	68		0	27	3	
92928	929	0	2	60	hoyos	0	28	3	
92929	929	0	3	97	hoyos	0	29	4	
92930	929	0	1	82	hoyos, decamación branquia 	0	30	4	
92931	929	1	3	82	bránquia  destruida	0	31	4	
92932	929	1	1	60		0	32	4	
92933	929	0	1	70	hoyos	0	33	4	
92934	929	0	3	73	hoyos	0	34	4	
92935	929	1	1	80	hoyos	0	35	4	
92936	929	0	0	50	desconocido en pie	0	36	4	
92937	929	1	0	51		0	37	4	
92938	929	0	1	52		0	38	4	
93110	931	1	0	65	decamación branquia, hoyos	0	10	1	
93111	931	0	0	55	hoyos	0	41	1	
93112	931	1	3	65		0	42	1	
93113	931	0	1	65		0	43	1	
93114	931	1	1	68	hoyos	0	44	1	
93115	931	1	3	60	hoyos	0	45	1	
93116	931	1	1	61	hoyos	0	46	1	
93117	931	0	1	63	hoyos	0	47	1	
93118	931	1	3	70		0	48	1	
93119	931	0	3	64	desconocido en glándula, decamación branquia 	0	49	1	
93120	931	1	1	60	nefridio dilatados 	0	50	1	
93121	931	0	1	63	hoyos	0	81	1	
93122	931	0	3	59		0	82	1	
93123	931	1	3	65	hoyos	0	83	1	
93124	931	1	1	58		0	84	1	
93125	931	0	1	67	decamación branquia 	0	85	1	
93126	931	0	1	67	desconocido en glándula, hoyos	0	86	1	
93127	931	0	1	61		0	87	1	
93128	931	0	1	60		0	88	1	
93129	931	0	1	73		0	89	1	
93130	931	1	1	64		0	90	1	
93131	931	1	1	68	hoyos	0	11	2	
93132	931	1	3	70	desconocido en glándula 	0	12	2	
93133	931	1	1	66	hoyos, decamación branquia 	0	13	2	
93134	931	1	1	75	hoyos, decamación branquia 	0	14	2	
93135	931	0	1	68	hoyos	0	15	2	
93136	931	1	1	62		0	16	2	
93137	931	0	1	68		0	17	2	
93138	931	1	1	68		0	18	2	
93139	931	1	1	71		0	19	2	
93140	931	1	1	60	hoyos	0	20	2	
93141	931	1	1	64		0	51	2	
93142	931	1	1	70	decamación branquia 	0	52	2	
93143	931	0	1	61	decamación branquia 	0	53	2	
93144	931	1	0	63	hoyos, decamación branquia 	0	54	2	
93145	931	0	1	61		0	55	2	
93146	931	1	0	59	1 desconocido en bránquia (meronte?)	0	56	2	
93147	931	1	1	63	decamación branquia, hoyos	0	57	2	
93148	931	0	2	61	hoyos	0	58	2	
93149	931	1	1	57	decamación branquia 	0	59	2	
93150	931	0	1	64		0	60	2	
93151	931	1	1	62	decamación branquia 	0	91	2	
93152	931	1	1	57		0	92	2	
93153	931	1	2	62	decamación branquia 	0	93	2	
93154	931	0	1	70	decamación branquia 	0	94	2	
93155	931	0	2	70	decamación branquia 	0	95	2	
93156	931	0	3	52	hoyos	0	96	2	
93157	931	0	1	68	hoyos	0	97	2	
93158	931	1	0	61	hoyos, nefridio dilatados 	0	98	2	
93159	931	1	3	59		0	99	2	
93160	931	0	3	60	desconocido en intestino 	0	100	2	
93161	931	1	2	68	decamación branquia, nefridio dilatados 	0	21	3	
93162	931	0	1	64	decamación branquia 	0	22	3	
93163	931	0	1	73		0	23	3	
93164	931	0	1	65	nefridio dilatados, hoyos	0	24	3	
93165	931	0	2	60		0	25	3	
93166	931	1	1	61		0	26	3	
93167	931	0	1	67		0	27	3	
93168	931	0	1	67		0	28	3	
93169	931	0	2	60		0	29	3	
93170	931	1	1	61	decamación branquia 	0	30	3	
93171	931	1	3	60	hoyos	0	61	3	
93172	931	0	1	61		0	62	3	
93173	931	1	1	59		0	63	3	
93174	931	1	3	65	desconocido en bránquia 	0	64	3	
93175	931	0	3	70	hoyos	0	65	3	
93176	931	1	1	63	nefridio dilatados 	0	66	3	
93177	931	0	1	60	hoyos	0	67	3	
93178	931	0	1	56		0	68	3	
93179	931	0	1	61	hoyos, 1 desconocido en bránquia (mer)	0	69	3	
93180	931	0	1	60	decamación branquia 	0	70	3	
93181	931	1	0	73	hoyos	0	101	3	
93182	931	1	1	61		0	102	3	
93183	931	3	4	70	decamación branquia 	0	103	3	
93184	931	2	1	63	hoyos, decamación branquia 	0	104	3	
93185	931	1	2	75		0	105	3	
93186	931	1	0	61	hoyos, nefridio dilatados, desconocido bránquia 	0	106	3	
93187	931	1	1	65		0	107	3	
93188	931	1	3	60		0	108	3	
93189	931	1	1	70	hoyos, decamación branquia 	0	109	3	
93190	931	1	0	55		0	110	3	
93191	931	0	1	70	decamación branquia 	0	31	4	
93192	931	0	1	68	hoyos	0	32	4	
93193	931	1	1	65		0	33	4	
93194	931	0	3	63		0	34	4	
93195	931	0	1	68	hoyos, decamación branquia 	0	35	4	
93196	931	0	1	67	desconocido en glándula 	0	36	4	
93197	931	0	1	61	nefridio dilatados, hoyos	0	37	4	
93198	931	1	2	70		0	38	4	
93199	931	1	1	55	hoyos, decamación branquia 	0	39	4	
94710	947	0	3	64	hoyos, epitelio roto intestino, túbulos secundarios y saco del estilete 	0	10		
94711	947	1	1	67	epitelio roto intestino y saco del estilete, hoyos	0	11		
94712	947	1	1	70	epitelio roto intestino y saco del estilete 	0	12		
94713	947	1	3	60	epitelio roto intestino, túbulos secundarios y saco del estilete 	0	13		
95110	951	0	2	72	epitelio roto intestino y saco del estilete 	0	10		
95111	951	1	1	80		0	11		
95112	951	0	2	60	epitelio roto intestino y saco del estilete 	0	12		
95113	951	1	3	60	hoyos, epitelio roto saco del estilete 	0	13		
95114	951	1	1	59	epitelio roto intestino y saco del estilete 	0	14		
95115	951	1	1	79	decamación branquia, epitelio roto intestino y saco del estilete  	0	15		
95210	952	0	1	60	epitelio roto intestino y saco del estilete 	0	10		
95211	952	2	0	56	epitelio roto túbulos secundarios, intestino y saco del estilete 	0	11		
95212	952	0	1	57	desconocido lumen intestino, 12 metazoos pie, epitelio roto intestino y saco del estilete 	0	12		
95213	952	1	3	60	desconocido lumen intestino, desconocido bránquia, epitelio roto intestino, saco del estilete, 2 metazoos 	0	13		
95214	952	1	1	59	epitelio roto intestino y saco del estilete, desconocido lumen intestino 	0	14		
95215	952	1	1	67	epitelio roto intestino, saco del estilete, desconocido lumen intestino, 2 metazoos pie, decamación branquia 	0	15		
95216	952	1	2	61	epitelio roto saco del estilete, decamación branquia 	0	16		
95217	952	2	0	56	epitelio roto túbulos secundarios, intestino y saco del estilete 	0	17		
95218	952	1	1	62	epitelio roto intestino y saco del estilete, 1 metazoos en pie	0	18		
95219	952	1	3	50	2 metazoos en pie, epitelio roto intestino y saco del estilete 	0	19		
95220	952	1	1	57	decamación branquia, epitelio roto intestino y saco del estilete 	0	20		
95221	952	0	3	60	1 metazoos en pie, epitelio roto intestino y saco del estilete 	0	21		
95222	952	1	1	58	desconocido lumen intestino, desconocido bránquia, 9 metazoos pie, epitelio roto intestino, saco del estilete 	0	22		
95223	952	1	1	52	1 metazoos en pie	0	23		
95224	952	1	1	57	epitelio roto intestino y saco del estilete, decamación branquia 	0	24		
95310	953	1	3	61	decamación branquia 	0	10		
95311	953	0	3	64	1 metazoos en pie	0	11		
95312	953	0	3	69	2 metazoos en epitelio manto	0	12		
95313	953	2	3	64		0	13		
95314	953	0	3	72	8 metazoos	0	14		
95315	953	1	1	60	13 metazoos (muchos restos)	0	15		
95316	953	2	3	70		0	16		
95317	953	0	0	85	restos de  tremátodos, 3 desconocido bránquia (mero?), decamación branquia 	0	17		
95318	953	2	3	63	restos de trematodos	0	18		
95319	953	1	3	70	restos de trematodos	0	19		
95320	953	2	3	81	desconocido lumen intestino 	0	20		
95321	953	0	1	62		0	21		
95322	953	0	1	64	hoyos	0	22		
96710	967	1	3	0		0	11		
97610	976	0	3	73	desconocido en bránquia 	0	10		
97611	976	1	1	57	decamación branquia 	0	11		
97612	976	0	3	58		0	12		
97613	976	1	2	68		0	13		
97614	976	2	2	65		0	14		
97615	976	3	4	70		0	15		
97616	976	0	1	56		0	16		
97617	976	1	1	50		0	17		
97618	976	0	2	60		0	18		
97619	976	0	3	71		0	19		
97620	976	1	3	59		0	20		
97710	977	1	3	53		0	10		
97711	977	1	0	58		0	11		
97712	977	1	3	59		0	12		
97713	977	1	1	60		0	13		
97714	977	0	1	61	poca gonada, decamación branquia 	0	14		
97715	977	2	3	51		0	15		
97716	977	3	4	47		0	16		
97717	977	1	2	59		0	17		
97718	977	1	1	62		0	18		
97719	977	1	1	62	decamación branquia 	0	19		
97720	977	0	3	51		0	20		
97810	978	1	3	74		0	10		
97811	978	0	3	80		0	11		
97812	978	1	3	71		0	12		
97813	978	0	2	70		0	13		
97814	978	0	2	73		0	14		
97815	978	0	2	63		0	15		
97816	978	0	1	70	decamación branquia 	0	16		
97817	978	0	2	68		0	17		
97818	978	1	3	66		0	18		
97819	978	1	3	71	decamación branquia 	0	19		
97820	978	0	2	60		0	20		
97821	978	0	2	67	decamación branquia 	0	21		
97822	978	0	1	73		0	22		
97823	978	0	2	69	decamación branquia 	0	23		
97824	978	1	3	66		0	24		
97825	978	1	1	70		0	25		
97826	978	1	3	72		0	26		
97827	978	1	3	63		0	27		
97828	978	0	1	68		0	28		
97829	978	1	3	70		0	29		
97830	978	0	2	69		0	30		
97831	978	0	2	69	decamación branquia 	0	31		
97832	978	1	3	79	decamación branquia 	0	32		
97833	978	1	1	69	decamación branquia 	0	33		
97834	978	1	1	59	ciliados intracelulares en glándula 	0	34		
97835	978	0	3	70		0	35		
97836	978	0	2	60		0	36		
97837	978	0	1	68	decamación branquia 	0	37		
97838	978	0	2	67		0	38		
97839	978	0	3	74		0	39		
97840	978	1	1	78		0	40		
97910	979	0	1	60		0	10		
97911	979	1	1	70	decamación branquia 	0	11		
97912	979	0	1	61		0	12		
97913	979	0	1	67		0	13		
97914	979	0	1	62		0	14		
97915	979	0	1	59	decamación branquia 	0	15		
97916	979	1	1	62		0	16		
97917	979	1	1	64		0	17		
97918	979	0	1	59		0	18		
97919	979	1	3	59	decamación branquia 	0	19		
97920	979	1	1	72		0	20		
97921	979	1	3	67		0	21		
97922	979	1	1	64		0	22		
97923	979	0	1	63	decamación branquia 	0	23		
97924	979	0	1	60		0	24		
97925	979	0	1	62		0	25		
97926	979	0	1	66		0	26		
97927	979	1	1	70		0	27		
97928	979	1	1	63		0	28		
97929	979	0	1	71		0	29		
97930	979	0	3	69	decamación branquia 	0	30		
97931	979	1	1	67		0	31		
97932	979	0	1	65		0	32		
97933	979	1	1	65	decamación branquia 	0	33		
97934	979	1	1	76	decamación branquia 	0	34		
97935	979	0	3	58		0	35		
97936	979	1	1	67	decamación branquia 	0	36		
97937	979	1	1	66		0	37		
97938	979	0	3	65		0	38		
97939	979	0	2	59	decamación branquia 	0	39		
97940	979	0	1	59		0	40		
98210	982	1	3	69	ciliados en m. pli	0	10		
98211	982	0	3	75		0	11		
98212	982	1	3	72		0	12		
98213	982	0	2	73	decamación branquia 	0	13		
98214	982	0	1	70	decamación branquia 	0	14		
98215	982	1	1	66	decamación branquia 	0	15		
98216	982	1	0	69		0	16		
98217	982	0	1	60	decamación branquia, desconocido en glándula y m. pli	0	17		
98218	982	0	1	71		0	18		
98219	982	0	2	75		0	19		
98220	982	0	2	79		0	20		
98221	982	0	2	70		0	21		
98222	982	0	3	68		0	22		
98223	982	0	1	69		0	23		
98224	982	1	3	64		0	24		
98225	982	1	1	60		0	25		
98226	982	1	1	57		0	26		
98227	982	0	1	66		0	27		
98228	982	0	2	67	decamación branquia 	0	28		
98229	982	0	1	62	decamación branquia 	0	29		
98230	982	0	2	63		0	30		
98231	982	1	3	66	decamación branquia 	0	31		
98232	982	1	1	60	decamación branquia 	0	32		
98233	982	0	1	60	decamación branquia 	0	33		
98234	982	0	3	61	decamación branquia 	0	34		
98235	982	1	1	63	decamación branquia 	0	35		
98236	982	1	1	61	decamación branquia 	0	36		
98237	982	1	1	66	decamación branquia 	0	37		
98238	982	0	1	68	decamación branquia 	0	38		
98239	982	1	1	60	decamación branquia 	0	39		
98240	982	0	1	61	decamación branquia 	0	40		
98310	983	0	1	67		0	10		
98311	983	1	1	65	decamación branquia 	0	11		
98312	983	0	1	52	decamación branquia 	0	12		
98313	983	1	3	62	decamación branquia 	0	13		
98314	983	1	1	63		0	14		
98315	983	1	1	53		0	15		
98316	983	1	1	65	decamación branquia 	0	16		
98317	983	0	1	58		0	17		
98318	983	1	1	60		0	18		
98319	983	1	1	61		0	19		
98320	983	0	1	72		0	20		
98321	983	1	1	63	decamación branquia 	0	21		
98322	983	0	1	74		0	22		
98323	983	1	0	53	decamación branquia 	0	23		
98324	983	1	2	68		0	24		
98325	983	0	2	65	decamación branquia 	0	25		
98326	983	1	1	53		0	26		
98327	983	0	1	60		0	27		
98328	983	1	1	60		0	28		
98329	983	1	1	59		0	29		
98330	983	0	1	60	decamación branquia 	0	30		
98331	983	1	1	56		0	31		
98332	983	1	3	57		0	32		
98333	983	0	1	60		0	33		
98334	983	1	1	60	decamación branquia 	0	34		
98335	983	1	1	62		0	35		
98336	983	0	1	60		0	36		
98337	983	1	1	70		0	37		
98338	983	1	1	61		0	38		
98339	983	0	1	51		0	39		
98340	983	0	1	57	ciliados intracelulares en glándula 	0	40		
98510	985	0	2	61		0	10		
98511	985	1	3	64		0	11		
98512	985	0	2	72		0	12		
98513	985	1	1	67		0	13		
98514	985	1	1	69		0	14		
98515	985	0	2	68		0	15		
98516	985	1	0	69		0	16		
98517	985	1	0	73		0	17		
98518	985	1	0	74		0	18		
98519	985	1	3	70	decamación branquia 	0	19		
98520	985	0	2	67		0	20		
98521	985	1	1	73		0	21		
98522	985	0	2	65		0	22		
98523	985	0	2	60	ciliados intracelulres en glándula 	0	23		
98524	985	0	1	56		0	24		
98525	985	1	1	67		0	25		
98526	985	0	2	65	decamación branquia 	0	26		
98527	985	1	0	60	decamación branquia 	0	27		
98528	985	0	2	65		0	28		
98529	985	0	1	70	ciliados intracelulares en glándula 	0	29		
98530	985	1	3	68		0	30		
98531	985	1	1	60	decamación branquia 	0	31		
98532	985	0	2	62	decamación branquia 	0	32		
98533	985	1	3	63		0	33		
98534	985	0	2	57	decamación branquia 	0	34		
98535	985	1	3	65	ciliados intracelualres en glándula 	0	35		
98536	985	1	4	65		0	36		
98537	985	0	1	67		0	37		
98538	985	1	3	60		0	38		
98539	985	1	3	70		0	39		
98540	985	1	3	63		0	40		
99310	993	3	4	57		0	10		
99311	993	1	1	65	decamación branquia 	0	11		
99312	993	3	4	63		0	12		
99313	993	3	4	67		0	13		
99314	993	3	4	61		0	14		
99315	993	3	4	60		0	15		
99316	993	3	4	62		0	16		
99317	993	3	4	59		0	17		
99318	993	3	4	55		0	18		
99319	993	3	4	59		0	19		
99320	993	3	4	64		0	20		
99321	993	1	0	63	decamación branquia 	0	21		
99322	993	3	4	60		0	22		
99323	993	1	3	65		0	23		
99324	993	3	4	55		0	24		
99325	993	3	4	59		0	25		
99326	993	3	4	53		0	26		
99327	993	0	1	68	ciliados intracelulares en glándula, decamación branquia 	0	27		
99328	993	3	4	65		0	28		
99329	993	3	4	65		0	29		
99330	993	3	4	57	perdida de arquitectur normal, decamación branquia 	0	30		
99331	993	0	2	60	decamación branquia 	0	31		
99332	993	0	1	56	decamación branquia 	0	32		
99333	993	3	4	63		0	33		
99334	993	3	4	53		0	34		
99335	993	3	4	74		0	35		
99336	993	3	4	60		0	36		
99337	993	0	1	63	ciliados intracelulares en glándula 	0	37		
99338	993	3	4	54		0	38		
99339	993	3	4	55		0	39		
99340	993	3	4	61		0	40		
99410	994	3	4	58		0	10		
99411	994	1	3	65	ciliados intracelulares en glándula, decamación branquia 	0	11		
99412	994	0	1	62	decamación branquia 	0	12		
99413	994	3	4	61		0	13		
99414	994	3	4	72		0	14		
99415	994	3	4	51		0	15		
99416	994	0	2	69	decamación branquia 	0	16		
99417	994	0	2	52	decamación branquia 	0	17		
99418	994	3	4	58		0	18		
99419	994	1	2	68		0	19		
99420	994	1	1	0	decamación branquia 	0	19		
99421	994	0	1	51	decamación branquia 	0	20		
99422	994	1	0	53	decamación branquia 	0	21		
99423	994	1	2	75	ciliados intracelulares en glándula, decamación branquia 	0	22		
99424	994	3	4	64		0	23		
99425	994	0	1	55	decamación branquia 	0	24		
99426	994	3	4	53		0	25		
99427	994	0	2	69	ciliados intracelulares en glándula, decamación branquia 	0	26		
99428	994	1	1	61	decamación branquia 	0	27		
99429	994	1	2	67	decamación branquia 	0	28		
99430	994	0	2	57	decamación branquia 	0	29		
99431	994	3	4	59		0	30		
99432	994	0	1	58	ciliados intracelulares en glándula 	0	31		
99433	994	1	3	60		0	32		
99434	994	3	4	63		0	33		
99435	994	0	1	60	decamación branquia, desconocido en bránquia 	0	34		
99436	994	3	4	60		0	35		
99437	994	1	3	67	ciliados intracelulares en glándula, decamación branquia 	0	36		
99438	994	0	2	59	decamación branquia 	0	37		
99439	994	0	2	50	ciliados intracelulares en glándula, decamación branquia 	0	38		
99440	994	3	4	58		0	39		
99441	994	1	3	52	decamación branquia 	0	40		
99510	995	0	1	67	decamación branquia 	0	10		
99511	995	3	4	70		0	11		
99512	995	3	4	76		0	12		
99513	995	3	4	69		0	13		
99514	995	3	4	86		0	14		
99515	995	3	4	70		0	15		
99516	995	3	4	71		0	16		
99517	995	3	4	78		0	17		
99518	995	3	4	78		0	18		
99519	995	3	4	74		0	19		
99520	995	1	2	71	decamación branquia 	0	20		
99521	995	3	4	74		0	21		
99522	995	0	2	73		0	22		
99523	995	1	3	75	decamación branquia 	0	23		
99524	995	3	4	71		0	24		
99525	995	3	4	72		0	25		
99526	995	3	4	69		0	26		
99527	995	1	3	67	decamación branquia 	0	27		
99528	995	3	4	71		0	28		
99529	995	3	4	72		0	29		
99530	995	3	4	75		0	30		
99531	995	1	2	72	decamación branquia 	0	31		
99532	995	3	4	80		0	32		
99533	995	0	1	75	decamación branquia 	0	33		
99534	995	3	4	67		0	34		
99535	995	1	2	72		0	35		
99536	995	3	4	72		0	36		
99537	995	3	4	72		0	37		
99538	995	3	4	70		0	38		
99539	995	1	2	73	decamación branquia 	0	39		
99540	995	1	2	77	decamación branquia 	0	40		
99610	996	0	1	61	decamación branquia 	0	10		
99611	996	1	1	60	decamación branquia 	0	11		
99612	996	1	1	60		0	12		
99613	996	0	1	61	decamación branquia 	0	13		
99614	996	1	1	66	decamación branquia 	0	14		
99615	996	1	3	69		0	15		
99616	996	1	3	60		0	16		
99617	996	1	1	63	ciliados intracelulares en glándula, decamación branquia 	0	17		
99618	996	3	4	67		0	18		
99619	996	1	3	67	decamación branquia 	0	19		
99620	996	0	1	60	decamación branquia 	0	20		
99621	996	0	1	59	decamación branquia 	0	21		
99622	996	0	2	56		0	22		
99623	996	0	1	70	decamación branquia 	0	23		
99624	996	1	3	71	ciliados intracelulares en glándula, decamación branquia 	0	24		
99625	996	0	1	66	decamación branquia 	0	25		
99626	996	1	1	63	decamación branquia 	0	26		
99627	996	0	1	67		0	27		
99628	996	1	1	68	decamación branquia 	0	28		
99629	996	0	3	50		0	29		
99630	996	0	1	69	decamación branquia 	0	30		
99631	996	0	3	60	decamación branquia 	0	31		
99632	996	0	1	59	decamación branquia 	0	32		
99633	996	0	1	60		0	33		
99634	996	1	1	63	decamación branquia 	0	34		
99635	996	3	4	58		0	35		
99636	996	3	4	77	decamación branquia 	0	36		
99637	996	1	1	59		0	37		
99638	996	0	1	63	ciliados intracelulares en glándula, decamación branquia 	0	38		
99639	996	1	3	62		0	39		
99640	996	0	3	60	ciliados intracelulares en glándula, decamación branquia 	0	40		
99710	997	0	1	68	decamación branquia 	0	10		
99711	997	1	2	56	decamación branquia 	0	11		
99712	997	1	1	63	decamación branquia 	0	12		
99713	997	1	1	64	ciliados intracelulares en glándula 	0	13		
99714	997	0	1	67	ciliados intracelulares en glándula, decamación branquia 	0	14		
99715	997	0	1	61	ciliados intracelulares en glándula, decamación branquia 	0	15		
99716	997	0	2	60		0	16		
99717	997	1	3	65		0	17		
99718	997	1	2	63	ciliados intracelulares en glándula, decamación branquia 	0	18		
99719	997	1	2	67	decamación branquia 	0	19		
99720	997	0	1	62	decamación branquia 	0	20		
99721	997	1	3	56	decamación branquia 	0	21		
99722	997	1	1	63		0	22		
99723	997	0	1	56	decamación branquia 	0	23		
99724	997	1	1	66		0	24		
99725	997	1	0	60	decamación branquia 	0	25		
99726	997	3	4	80		0	26		
99727	997	0	1	60		0	27		
99728	997	1	1	61	decamación branquia 	0	28		
99729	997	1	1	62		0	29		
99730	997	1	1	63		0	30		
99731	997	0	1	68	decamación branquia 	0	31		
99732	997	1	1	67		0	32		
99733	997	1	1	69	decamación branquia 	0	33		
99734	997	0	1	65		0	34		
99735	997	1	3	61	decamación branquia 	0	35		
99736	997	1	1	65	decamación branquia 	0	36		
99737	997	0	1	70	decamación branquia 	0	37		
99738	997	3	4	66		0	38		
99739	997	0	2	55	decamación branquia 	0	39		
99740	997	0	1	60		0	40		
99810	998	0	3	66	decamación branquia 	0	10		
99811	998	1	3	70		0	11		
99812	998	1	1	67	ciliados intracelulares en glándula 	0	12		
99813	998	1	1	60	ciliados intracelulares en glándula, decamación branquia 	0	13		
99814	998	0	2	57	decamación branquia 	0	14		
99815	998	3	4	61		0	15		
99816	998	1	3	71		0	16		
99817	998	1	1	70		0	17		
99818	998	1	1	67	decamación branquia 	0	18		
99819	998	1	1	71	decamación branquia 	0	19		
99820	998	1	1	57	decamación branquia 	0	20		
99821	998	1	1	68	decamación branquia 	0	21		
99822	998	1	2	65		0	22		
99823	998	1	1	70	decamación branquia 	0	23		
99824	998	1	3	55		0	24		
99825	998	2	2	64	ciliados intracelulares en glándula 	0	25		
99826	998	0	2	63	decamación branquia 	0	26		
99827	998	1	3	70	decamación branquia 	0	27		
99828	998	0	1	57		0	28		
99829	998	1	3	59	decamación branquia 	0	29		
99830	998	1	3	62	decamación branquia 	0	30		
99831	998	1	1	68	metazoo en manto, decamación branquia 	0	31		
99832	998	0	1	60		0	32		
99833	998	1	3	60		0	33		
99834	998	1	1	60	decamación branquia 	0	34		
99835	998	1	3	63	ciliados intracelulares en glándula, decamación branquia 	0	35		
99836	998	0	1	63		0	36		
99837	998	0	1	58	decamación branquia 	0	37		
99838	998	0	0	59		0	38		
99839	998	0	0	58		0	39		
99840	998	0	1	63	ciliados intracelulares en glándula 	0	40		
99910	999	1	3	68	ciliados intracelulares en glándula 	0	10		
99911	999	1	1	63	decamación branquia 	0	11		
99912	999	0	0	70		0	12		
99913	999	0	0	65		0	13		
99914	999	1	3	65	decamación branquia 	0	14		
99915	999	1	1	60	ciliados intracelulares en glándula 	0	15		
99916	999	0	1	62	decamación branquia 	0	16		
99917	999	1	3	64		0	17		
99918	999	1	3	72		0	18		
99919	999	1	3	67		0	19		
99920	999	0	2	61	decamación branquia 	0	20		
99921	999	1	3	68	ciliados intracelulares en glándula 	0	21		
99922	999	1	2	67	ciliados intracelulares en glándula, decamación branquia 	0	22		
99923	999	3	4	69	decamación branquia 	0	23		
99924	999	1	1	67		0	24		
99925	999	1	3	70		0	25		
99926	999	0	3	74		0	26		
99927	999	3	4	63	decamación branquia 	0	27		
99928	999	0	1	60	ciliados intracelulares en glándula 	0	28		
99929	999	1	3	59		0	29		
99930	999	1	1	60	decamación branquia 	0	30		
99931	999	1	3	70		0	31		
99932	999	0	0	70	ciliados intracelulares en glándula, hoyos	0	32		
99933	999	0	3	72	ciliados intracelulares en glándula, decamación branquia 	0	33		
99934	999	1	2	67		0	34		
99935	999	0	3	66	hoyos, decamación branquia 	0	35		
99936	999	1	3	72	ciliados intracelulares en glándula, hoyos	0	36		
99937	999	1	3	65		0	37		
99938	999	1	1	68	decamación branquia 	0	38		
99939	999	0	2	62		0	39		
99940	999	1	1	82		0	40		
100010	1000	1	1	70	decamación branquia 	0	10		
100011	1000	1	1	68		0	11		
100012	1000	1	1	74	decamación branquia 	0	12		
100013	1000	0	3	81	ciliados intracelulares en glándula 	0	13		
100014	1000	0	1	70		0	14		
100015	1000	1	3	76		0	15		
100016	1000	1	3	80		0	16		
100017	1000	0	1	71	decamación branquia 	0	17		
100018	1000	0	1	73	decamación branquia 	0	18		
100019	1000	0	1	84	decamación branquia 	0	19		
100020	1000	1	2	70	decamación branquia 	0	20		
100021	1000	0	1	73	decamación branquia 	0	21		
100022	1000	1	1	72	decamación branquia 	0	22		
100023	1000	1	1	77	decamación branquia 	0	23		
100024	1000	1	1	70	ciliados intracelulares en glándula, decamación branquia 	0	24		
100025	1000	1	1	78	ciliados intracelulares en glándula, decamación branquia 	0	25		
100026	1000	0	1	72		0	26		
100027	1000	1	1	74	decamación branquia 	0	27		
100028	1000	0	1	73		0	28		
100029	1000	0	1	72	decamación branquia 	0	29		
100030	1000	0	3	80	decamación branquia 	0	30		
100031	1000	0	1	80	decamación branquia 	0	31		
100032	1000	0	3	69		0	32		
100033	1000	0	1	70	decamación branquia 	0	33		
100034	1000	1	3	80	decamación branquia 	0	34		
100035	1000	1	2	69	decamación branquia 	0	35		
100036	1000	0	1	82	decamación branquia 	0	36		
100037	1000	1	2	77	decamación branquia 	0	37		
100038	1000	0	1	78	decamación branquia 	0	38		
100039	1000	0	3	70	decamación branquia 	0	39		
100040	1000	1	1	68		0	40		
100110	1001	1	1	58	ciliados intracelulares en glándula 	0	10		
100111	1001	1	1	71	ciliados intracelulares en glándula, decamación branquia 	0	11		
100112	1001	1	3	67		0	12		
100113	1001	0	1	59	ciliados intracelulares en glándula, decamación branquia 	0	13		
100114	1001	1	1	70	decamación branquia 	0	14		
100115	1001	1	3	69	decamación branquia 	0	15		
100116	1001	1	1	54	ciliados intracelulares en glándula, decamación branquia 	0	16		
100117	1001	1	3	66		0	17		
100118	1001	0	2	64		0	18		
100119	1001	0	3	70	decamación branquia 	0	19		
100120	1001	0	1	63	decamación branquia 	0	20		
100121	1001	1	3	62		0	21		
100122	1001	3	4	70		0	22		
100123	1001	1	3	65		0	23		
100124	1001	1	1	61	decamación branquia 	0	24		
100125	1001	1	1	63		0	25		
100126	1001	0	1	62		0	26		
100127	1001	1	1	65		0	27		
100128	1001	1	3	68	ciliados intracelulares en glándula 	0	28		
100129	1001	1	2	63	decamación branquia 	0	29		
100130	1001	1	3	73	decamación branquia 	0	30		
100131	1001	0	1	72	decamación branquia 	0	31		
100132	1001	0	1	71	ciliados intracelulares en glándula, decamación branquia 	0	32		
100133	1001	0	1	63	decamación branquia 	0	33		
100134	1001	2	3	67		0	34		
100135	1001	1	1	76	ciliados intracelulares en glándula 	0	35		
100136	1001	0	2	68	decamación branquia 	0	36		
100137	1001	1	2	61	decamación branquia 	0	37		
100138	1001	0	3	71	decamación branquia 	0	38		
100139	1001	1	1	69	ciliados intracelulares en glándula, decamación branquia 	0	39		
100140	1001	1	1	60	decamación branquia 	0	40		
100210	1002	1	3	71	decamación branquia 	0	10		
100211	1002	1	1	61	decamación branquia 	0	11		
100212	1002	3	4	68		0	12		
100213	1002	0	1	70	decamación branquia 	0	13		
100214	1002	3	4	77		0	14		
100215	1002	1	2	70	decamación branquia 	0	15		
100216	1002	0	1	72		0	16		
100217	1002	2	1	73	decamación branquia 	0	17		
100218	1002	3	4	81		0	18		
100219	1002	3	4	66		0	19		
100220	1002	1	1	71	decamación branquia 	0	20		
100221	1002	0	2	67	decamación branquia 	0	21		
100222	1002	3	4	68		0	22		
100223	1002	1	1	75		0	23		
100224	1002	3	4	75		0	24		
100225	1002	0	2	70	decamación branquia 	0	25		
100226	1002	3	4	66		0	26		
100227	1002	1	3	70		0	27		
100228	1002	1	3	68	ciliados intracelulares en glándula, decamación branquia 	0	28		
100229	1002	1	0	72		0	29		
100230	1002	0	2	66	decamación branquia 	0	30		
100231	1002	1	1	83	decamación branquia 	0	31		
100232	1002	1	1	70	decamación branquia 	0	32		
100233	1002	0	1	67	decamación branquia 	0	33		
100234	1002	3	4	72		0	34		
100235	1002	3	4	79		0	35		
100236	1002	0	1	77		0	36		
100237	1002	0	1	78		0	37		
100238	1002	1	1	78	decamación branquia 	0	38		
100239	1002	1	3	66	decamación branquia 	0	39		
100240	1002	3	4	77		0	40		
100310	1003	0	1	66		0	10		
100311	1003	1	1	61	decamación branquia 	0	11		
100312	1003	0	1	62	decamación branquia 	0	12		
100313	1003	0	3	63		0	13		
100314	1003	0	2	63	decamación branquia 	0	14		
100315	1003	1	1	65	decamación branquia 	0	15		
100316	1003	1	1	69	decamación branquia 	0	16		
100317	1003	0	2	67	decamación branquia 	0	17		
100318	1003	1	3	73	decamación branquia 	0	18		
100319	1003	0	1	62	decamación branquia 	0	19		
100320	1003	1	3	63	decamación branquia 	0	20		
100321	1003	1	2	72	decamación branquia 	0	21		
100322	1003	0	2	66	decamación branquia 	0	22		
100323	1003	3	4	61		0	23		
100324	1003	3	4	70		0	24		
100325	1003	3	4	70		0	25		
100326	1003	0	2	61	decamación branquia 	0	26		
100327	1003	1	1	69	decamación branquia 	0	27		
100328	1003	3	4	62		0	28		
100329	1003	0	3	70	decamación branquia 	0	29		
100330	1003	1	1	75	decamación branquia 	0	30		
100331	1003	1	0	64	decamación branquia 	0	31		
100332	1003	0	1	73		0	32		
100333	1003	3	4	68		0	33		
100334	1003	0	2	64	decamación branquia 	0	34		
100335	1003	0	1	65	decamación branquia 	0	35		
100336	1003	0	3	63	decamación branquia 	0	36		
100337	1003	0	3	73		0	37		
100338	1003	0	2	70	ciliados intracelulares en glándula, decamación branquia 	0	38		
100339	1003	1	1	63	decamación branquia 	0	39		
100340	1003	1	3	73	decamación branquia 	0	40		
100410	1004	1	1	50		0	10		
100411	1004	0	2	55	decamación branquia 	0	11		
100412	1004	1	1	48	ciliados intracelulares en glándula, decamación branquia 	0	12		
100413	1004	1	1	54		0	13		
100414	1004	1	3	56	decamación branquia 	0	14		
100415	1004	3	4	53		0	15		
100416	1004	1	2	57	decamación branquia 	0	16		
100417	1004	3	4	52		0	17		
100418	1004	1	2	51	ciliados intracelulares en glándula, decamación branquia 	0	18		
100419	1004	0	2	58		0	19		
100420	1004	1	1	55	decamación branquia 	0	20		
100421	1004	0	2	51	decamación branquia 	0	21		
100422	1004	1	1	55		0	22		
100423	1004	0	2	56		0	23		
100424	1004	1	2	56	decamación branquia 	0	24		
100425	1004	1	1	54	decamación branquia 	0	25		
100426	1004	0	2	50		0	26		
100427	1004	1	1	53	decamación branquia 	0	27		
100428	1004	0	2	48		0	28		
100429	1004	1	1	55	decamación branquia 	0	29		
100430	1004	3	4	60		0	30		
100431	1004	1	1	50	decamación branquia 	0	31		
100432	1004	3	4	56		0	32		
100433	1004	1	2	51		0	33		
100434	1004	3	4	58		0	34		
100435	1004	1	2	55		0	35		
100436	1004	1	3	56		0	36		
100437	1004	0	2	56	decamación branquia 	0	37		
100438	1004	0	2	56	decamación branquia 	0	38		
100439	1004	1	1	55		0	39		
100440	1004	1	1	51	decamación branquia 	0	40		
101510	1015	1	1	78		0	10		
101511	1015	0	2	79		0	11		
101512	1015	1	3	71		0	12		
101513	1015	1	3	77		0	13		
101514	1015	0	1	74	desconocido intestino 	0	14		
101515	1015	1	3	70		0	15		
101516	1015	1	2	70		0	16		
101517	1015	0	1	70		0	17		
101518	1015	0	3	70		0	18		
101519	1015	0	1	69		0	19		
101520	1015	3	4	72		0	20		
101521	1015	0	3	76		0	21		
101522	1015	1	3	70		0	22		
101523	1015	1	1	72		0	23		
101524	1015	2	3	78		0	24		
101525	1015	1	2	70	decamación branquia 	0	25		
101526	1015	1	3	63		0	26		
101527	1015	0	3	71		0	27		
101528	1015	3	4	72	decamación branquia 	0	28		
101529	1015	1	2	66	decamación branquia 	0	29		
101530	1015	1	1	73	decamación branquia 	0	30		
101610	1016	1	3	71		0	10		
101611	1016	1	1	70	decamación branquia 	0	11		
101612	1016	1	2	65	decamación branquia 	0	12		
101613	1016	0	1	67	decamación branquia 	0	13		
101614	1016	0	2	60		0	14		
101615	1016	0	2	71		0	15		
101616	1016	1	2	51	decamación branquia 	0	16		
101617	1016	0	2	60		0	17		
101618	1016	0	2	70		0	18		
101619	1016	1	2	65		0	19		
101620	1016	1	3	61		0	20		
101621	1016	0	2	73		0	21		
101622	1016	1	2	61	decamación branquia 	0	22		
101623	1016	0	1	69		0	23		
101710	1017	1	2	68	decamación branquia 	0	10		
101711	1017	1	2	66		0	11		
101712	1017	1	3	66	decamación branquia 	0	12		
101713	1017	0	1	62	decamación branquia 	0	13		
101714	1017	0	1	66		0	14		
101715	1017	1	2	68		0	15		
101716	1017	1	3	72	decamación branquia 	0	16		
101717	1017	1	1	72		0	17		
101718	1017	1	3	70		0	18		
101719	1017	0	1	70		0	19		
101720	1017	1	3	75		0	20		
101721	1017	1	0	70		0	21		
101722	1017	0	1	63		0	22		
101723	1017	1	3	65	decamación branquia 	0	23		
101724	1017	1	3	66		0	24		
101725	1017	1	1	65		0	25		
101726	1017	0	1	77		0	26		
101727	1017	0	3	61		0	27		
101728	1017	1	3	61		0	28		
101729	1017	1	1	68		0	29		
101730	1017	1	1	64	decamación branquia 	0	30		
101731	1017	0	1	70		0	31		
101732	1017	0	1	67		0	32		
101733	1017	1	3	68		0	33		
101734	1017	0	3	67		0	34		
101735	1017	0	1	60		0	35		
101736	1017	0	1	64		0	36		
101737	1017	0	1	71		0	37		
101738	1017	1	0	69		0	38		
101739	1017	0	2	64	decamación branquia 	0	39		
101740	1017	0	1	67		0	40		
101810	1018	0	1	80		0	10		
101811	1018	0	1	65		0	11		
101812	1018	1	3	65		0	12		
101813	1018	1	3	74	decamación branquia 	0	13		
101814	1018	1	3	74		0	14		
101815	1018	0	1	73	decamación branquia 	0	15		
101816	1018	1	1	68		0	16		
101817	1018	1	1	77	decamación branquia 	0	17		
101818	1018	1	1	68	decamación branquia 	0	18		
101819	1018	0	1	70	decamación branquia 	0	19		
101820	1018	3	4	72		0	20		
101821	1018	0	3	74		0	21		
101822	1018	1	3	73		0	22		
101823	1018	0	3	71		0	23		
101824	1018	1	3	69	decamación branquia 	0	24		
101825	1018	0	1	67	decamación branquia 	0	25		
101826	1018	1	3	72		0	26		
101827	1018	1	1	74		0	27		
101828	1018	1	0	68	decamación branquia 	0	28		
101829	1018	0	3	62	decamación branquia 	0	29		
101830	1018	1	3	74	decamación branquia 	0	30		
101831	1018	0	1	69	decamación branquia 	0	31		
101832	1018	0	3	68		0	32		
101833	1018	1	1	77		0	33		
101834	1018	0	1	62	decamación branquia 	0	34		
101835	1018	1	0	70	decamación branquia 	0	35		
101836	1018	1	1	71		0	36		
101837	1018	1	3	70		0	37		
101838	1018	0	2	63	decamación branquia 	0	38		
101839	1018	1	3	67		0	39		
101840	1018	0	2	74		0	40		
104010	1040	2	0	68		0	10		
104011	1040	0	3	61		0	11		
104012	1040	0	3	68		0	12		
104013	1040	0	3	50		0	13		
104014	1040	0	3	50		0	14		
104015	1040	0	0	61		0	15		
104016	1040	3	4	45		0	16		
104017	1040	3	4	58		0	17		
104018	1040	0	0	61		0	18		
104019	1040	0	0	56	ciliad intracelular glándula 	0	19		
104020	1040	3	4	57	túbulos aplanados 	0	20		
104021	1040	0	0	60		0	21		
104022	1040	0	0	59		0	22		
104023	1040	3	4	63	túb aplanados 	0	23		
104024	1040	0	3	68		0	24		
104025	1040	0	0	62	túbulos aplanados 	0	25		
104026	1040	0	0	64		0	26		
104027	1040	0	1	60		0	27		
104028	1040	0	3	67		0	28		
104029	1040	3	4	67	ciliad intracelular glándula 	0	29		
104030	1040	0	3	57		0	30		
104031	1040	0	3	63		0	31		
104032	1040	3	4	65		0	32		
104033	1040	0	0	68		0	33		
104034	1040	0	3	65		0	34		
104035	1040	1	3	65	túbulos aplanados 	0	35		
104036	1040	0	3	60		0	36		
104037	1040	0	3	60		0	37		
104038	1040	3	4	60	túbulos aplanados 	0	38		
104039	1040	0	3	62		0	39		
104040	1040	2	0	70		0	40		
104210	1042	1	1	53		0	10		
104211	1042	0	1	54		0	11		
104212	1042	1	1	54	decamación branquia 	0	12		
104213	1042	1	1	54	decamación branquia 	0	13		
104214	1042	0	1	58		0	14		
104215	1042	1	1	55		0	15		
104216	1042	1	1	51		0	16		
104217	1042	0	3	62	decamación branquia 	0	17		
104218	1042	1	1	60	decamación branquia 	0	18		
104219	1042	0	1	60		0	19		
104220	1042	0	0	50	decamación branquia 	0	20		
104221	1042	0	1	62		0	21		
104222	1042	1	0	60	decamación branquia 	0	22		
104223	1042	1	1	54	decamación branquia 	0	23		
104224	1042	1	1	56	decamación branquia 	0	24		
104225	1042	1	1	53	decamación branquia 	0	25		
104226	1042	1	1	62	decamación branquia 	0	26		
104227	1042	0	1	60	decamación branquia 	0	27		
104228	1042	0	1	47	decamación branquia 	0	28		
104229	1042	1	1	53	decamación branquia 	0	29		
104230	1042	3	4	62		0	30		
104310	1043	0	3	60	decamación branquia 	0	10		
104311	1043	1	1	60	decamación branquia 	0	11		
104312	1043	1	3	70	decamación branquia 	0	12		
104313	1043	1	0	56		0	13		
104314	1043	3	4	66	decamación branquia 	0	14		
104315	1043	0	1	64	decamación branquia 	0	15		
104316	1043	1	1	69	decamación branquia 	0	16		
104317	1043	0	3	73	decamación branquia 	0	17		
104318	1043	1	1	53		0	18		
104319	1043	0	1	53	decamación branquia 	0	19		
104320	1043	0	0	60	decamación branquia 	0	20		
104321	1043	0	1	63		0	21		
104322	1043	0	1	60	decamación branquia 	0	22		
104323	1043	0	1	58	decamación branquia 	0	23		
104324	1043	1	1	61	decamación branquia 	0	24		
104325	1043	0	1	66	decamación branquia 	0	25		
104326	1043	1	1	65	decamación branquia 	0	26		
104327	1043	1	3	56	decamación branquia 	0	27		
104328	1043	0	1	60		0	28		
104329	1043	1	1	66	decamación branquia 	0	29		
104330	1043	1	1	65	decamación branquia 	0	30		
104410	1044	0	3	60	decamación branquia 	0	10		
104411	1044	1	1	60	decamación branquia 	0	11		
104412	1044	1	3	70	decamación branquia 	0	12		
104413	1044	1	0	56		0	13		
104414	1044	3	4	66	decamación branquia 	0	14		
104415	1044	0	1	64	decamación branquia 	0	15		
104416	1044	1	1	69	decamación branquia 	0	16		
104417	1044	0	3	73	decamación branquia 	0	17		
104418	1044	1	1	53		0	18		
104419	1044	0	1	53	decamación branquia 	0	19		
104420	1044	0	0	60	decamación branquia 	0	20		
104421	1044	0	1	63		0	21		
104422	1044	0	1	60	decamación branquia 	0	22		
104423	1044	0	1	58	decamación branquia 	0	23		
104424	1044	1	1	61	decamación branquia 	0	24		
104425	1044	0	1	66	decamación branquia 	0	25		
104426	1044	1	1	65	decamación branquia 	0	26		
104427	1044	1	3	56	decamación branquia 	0	27		
104428	1044	0	1	60		0	28		
104429	1044	1	1	66	decamación branquia 	0	29		
104430	1044	1	1	65	decamación branquia 	0	30		
104510	1045	1	2	69		0	10		
104511	1045	0	1	75	ciliados intracelular en glándula, decamación branquia 	0	11		
104512	1045	0	3	71	decamación branquia 	0	12		
104513	1045	0	1	76	decamación branquia 	0	13		
104514	1045	1	3	81	decamación branquia 	0	14		
104515	1045	1	1	77		0	15		
104516	1045	0	1	76	decamación branquia, célula raras en gónada 	0	16		
104517	1045	0	1	76	decamación branquia 	0	17		
104518	1045	0	1	62		0	18		
104519	1045	0	1	69		0	19		
104520	1045	1	0	63	decamación branquia 	0	20		
104521	1045	1	0	76	decamación branquia 	0	21		
104522	1045	1	1	66	decamación branquia 	0	22		
104523	1045	1	1	62	decamación branquia 	0	23		
104524	1045	0	1	73	decamación branquia 	0	24		
104525	1045	1	1	86	decamación branquia 	0	25		
104526	1045	2	1	71	decamación branquia, célula raras en gónada 	0	26		
104527	1045	0	1	70	célula raras en gónada 	0	27		
104528	1045	1	1	72		0	28		
104529	1045	0	1	76	decamación branquia 	0	29		
104530	1045	1	3	71	decamación branquia 	0	30		
104610	1046	1	1	58	ciliados intracelular en glándula, decamación branquia 	0	10		
104611	1046	0	1	67	decamación branquia 	0	11		
104612	1046	0	1	70	decamación branquia 	0	12		
104613	1046	0	1	61		0	13		
104614	1046	0	1	65	decamación branquia 	0	14		
104615	1046	1	1	58	decamación branquia 	0	15		
104616	1046	1	2	55	decamación branquia 	0	16		
104617	1046	0	1	76	ciliado en m. pli, decamación branquia 	0	17		
104618	1046	0	1	78	decamación branquia 	0	18		
104619	1046	1	1	69	decamación branquia 	0	19		
104620	1046	3	4	81	decamación branquia 	0	20		
104621	1046	1	1	70		0	21		
104622	1046	0	1	71	decamación branquia 	0	22		
104623	1046	0	1	64	decamación branquia 	0	23		
104624	1046	3	4	69	decamación branquia 	0	24		
104625	1046	1	1	70	decamación branquia 	0	25		
104626	1046	0	1	76	decamación branquia 	0	26		
104627	1046	3	4	75	decamación branquia, bránquia destrozadas	0	27		
104628	1046	1	1	70	decamación branquia 	0	28		
104629	1046	1	1	67	decamación branquia 	0	29		
104630	1046	0	1	83	decamación branquia 	0	30		
104710	1047	0	1	67	decamación branquia 	0	10		
104711	1047	0	1	67	decamación branquia 	0	11		
104712	1047	1	1	78	decamación branquia 	0	12		
104713	1047	1	1	68	decamación branquia 	0	13		
104714	1047	0	1	72	decamación branquia 	0	14		
104715	1047	1	3	70	decamación branquia 	0	15		
104716	1047	0	1	72	decamación branquia 	0	16		
104717	1047	0	1	84	decamación branquia 	0	17		
104718	1047	1	0	63	decamación branquia 	0	18		
104719	1047	0	1	60	decamación branquia 	0	19		
104720	1047	0	1	62	decamación branquia 	0	20		
104721	1047	0	1	60	decamación branquia 	0	21		
104722	1047	0	1	60	decamación branquia 	0	22		
104723	1047	1	1	81	decamación branquia 	0	23		
104724	1047	0	3	78	decamación branquia 	0	24		
104725	1047	1	3	76	decamación branquia 	0	25		
104726	1047	3	4	73	decamación branquia 	0	26		
104727	1047	0	1	76	decamación branquia 	0	27		
104728	1047	0	1	61	decamación branquia 	0	28		
104729	1047	0	3	68	decamación branquia 	0	29		
104730	1047	0	1	67	decamación branquia 	0	30		
104810	1048	1	1	81	ciliados intracelular en glándula, decamación branquia 	0	10		
104811	1048	1	1	63	decamación branquia 	0	11		
104812	1048	1	1	72	decamación branquia 	0	12		
104813	1048	0	1	71	decamación branquia 	0	13		
104814	1048	0	1	72	decamación branquia 	0	14		
104815	1048	2	4	76	ciliados intracelular en glándula, decamación branquia 	0	15		
104816	1048	1	1	79	decamación branquia 	0	16		
104817	1048	0	1	72		0	17		
104818	1048	1	1	73	decamación branquia 	0	18		
104819	1048	1	1	69	decamación branquia 	0	20		
104820	1048	1	1	73	decamación branquia 	0	21		
104821	1048	1	1	63	decamación branquia 	0	22		
104822	1048	1	1	67	ciliados intracelular en glándula 	0	23		
104823	1048	1	1	70	decamación branquia 	0	24		
104824	1048	1	1	80	decamación branquia, metazoo en m. pli	0	25		
104825	1048	1	1	78	decamación branquia 	0	26		
104826	1048	1	1	80	decamación branquia 	0	27		
104827	1048	1	1	83	decamación branquia 	0	28		
104828	1048	0	1	70	decamación branquia 	0	29		
104829	1048	1	1	63	decamación branquia 	0	30		
104910	1049	0	1	70	decamación branquia 	0	10		
104911	1049	0	1	61	decamación branquia 	0	11		
104912	1049	0	1	72	decamación branquia 	0	12		
104913	1049	0	1	71	decamación branquia 	0	13		
104914	1049	2	3	56	decamación branquia 	0	14		
104915	1049	1	1	63	ciliados intracel en glándula, decamación branquia 	0	15		
104916	1049	1	1	71	decamación branquia 	0	16		
104917	1049	3	4	0		0	17		
104918	1049	1	2	75	decamación branquia 	0	18		
104919	1049	3	4	0		0	19		
104920	1049	1	1	72	decamación branquia 	0	20		
104921	1049	3	4	80		0	21		
104922	1049	1	1	71	decamación branquia 	0	22		
104923	1049	0	1	71		0	23		
104924	1049	1	3	77	decamación branquia 	0	24		
104925	1049	3	4	70	decamación branquia 	0	25		
104926	1049	0	1	58	decamación branquia 	0	26		
104927	1049	0	1	70	decamación branquia 	0	27		
104928	1049	1	1	68	decamación branquia 	0	28		
104929	1049	1	1	71	decamación branquia 	0	29		
104930	1049	0	3	73	decamación branquia 	0	30		
105010	1050	1	1	58	decamación branquia 	0	10		
105011	1050	0	0	68	decamación branquia 	0	11		
105012	1050	1	1	66	decamación branquia 	0	12		
105013	1050	0	1	60		0	13		
105014	1050	1	0	63		0	14		
105015	1050	1	1	71		0	15		
105016	1050	0	1	57	decamación branquia 	0	16		
105017	1050	0	1	58		0	17		
105018	1050	0	1	60		0	18		
105019	1050	1	0	62	decamación branquia 	0	19		
105020	1050	0	1	60	decamación branquia 	0	20		
105021	1050	1	1	68	decamación branquia 	0	21		
105022	1050	0	1	58	decamación branquia 	0	22		
105023	1050	1	1	75	decamación branquia 	0	23		
105024	1050	1	3	59		0	24		
105025	1050	1	1	56	decamación branquia 	0	25		
105026	1050	0	1	61	decamación branquia 	0	26		
105027	1050	1	3	60		0	27		
105028	1050	1	3	58		0	28		
105029	1050	1	0	66	decamación branquia 	0	29		
105030	1050	0	1	61	decamación branquia 	0	30		
105110	1051	1	1	70		0	10		
105111	1051	1	1	73	decamación branquia 	0	11		
105112	1051	1	1	85		0	12		
105113	1051	0	1	75		0	13		
105114	1051	1	3	75		0	14		
105115	1051	3	4	75	decamación branquia 	0	15		
105116	1051	1	1	75		0	16		
105117	1051	0	2	80	ciliados intracelular en glándula 	0	17		
105118	1051	0	1	68	decamación branquia 	0	18		
105119	1051	0	1	75		0	19		
105120	1051	1	1	80		0	20		
105121	1051	1	1	80	decamación branquia 	0	21		
105122	1051	0	1	75		0	22		
105123	1051	0	3	80		0	23		
105124	1051	0	3	80	ciliados intracelular en glándula, decamación branquia 	0	24		
105125	1051	1	1	75	decamación branquia 	0	25		
105126	1051	1	1	70		0	26		
105127	1051	1	1	75		0	27		
105128	1051	1	3	78	decamación branquia 	0	28		
105129	1051	1	3	75	decamación branquia 	0	29		
105130	1051	0	2	80	ciliados intracelular en glándula 	0	30		
105210	1052	3	4	70	decamación branquia 	0	10		
105211	1052	0	1	80		0	11		
105212	1052	1	1	70		0	12		
105213	1052	1	0	65		0	13		
105214	1052	2	1	65		0	14		
105215	1052	1	3	70	decamación branquia 	0	15		
105216	1052	0	1	70		0	16		
105217	1052	0	1	70	decamación branquia 	0	17		
105218	1052	1	1	75		0	18		
105219	1052	1	1	70		0	19		
105220	1052	1	3	70	decamación branquia 	0	20		
105221	1052	1	1	70		0	21		
105222	1052	0	1	65		0	22		
105223	1052	1	1	60		0	23		
105224	1052	1	3	70	decamación branquia 	0	24		
105225	1052	0	1	65		0	25		
105226	1052	1	1	65		0	26		
105227	1052	1	3	65		0	27		
105228	1052	0	1	60	decamación branquia 	0	28		
105229	1052	1	3	60	ciliados intracelular en glándula, sin bránquia 	0	29		
105230	1052	1	1	60	decamación branquia 	0	30		
105310	1053	1	1	82	decamación branquia 	0	10		
105311	1053	1	1	81		0	11		
105312	1053	1	1	79	decamación branquia 	0	12		
105313	1053	0	1	82	decamación branquia 	0	13		
105314	1053	0	1	80		0	14		
105315	1053	0	3	83	decamación branquia 	0	15		
105316	1053	1	3	78	decamación branquia 	0	16		
105317	1053	0	1	70	decamación branquia 	0	17		
105318	1053	1	1	78	decamación branquia 	0	18		
105319	1053	0	3	85	decamación branquia 	0	19		
105320	1053	1	3	83	decamación branquia 	0	20		
105321	1053	1	1	83	ciliados intracelular en glándula 	0	21		
105322	1053	1	0	84	decamación branquia 	0	22		
105323	1053	1	3	78	decamación branquia 	0	23		
105324	1053	1	1	80	decamación branquia 	0	24		
105325	1053	1	1	75	decamación branquia 	0	25		
105326	1053	0	1	73	decamación branquia 	0	26		
105327	1053	1	1	72	decamación branquia 	0	27		
105328	1053	0	1	70		0	28		
105329	1053	1	2	72	decamación branquia 	0	29		
105330	1053	1	1	72	decamación branquia 	0	30		
105610	1056	1	2	66	decamación branquia 	0	10		
105611	1056	1	1	77	decamación branquia 	0	11		
105612	1056	0	2	73	decamación branquia 	0	12		
105613	1056	1	1	70	decamación branquia 	0	13		
105614	1056	1	3	62	decamación branquia 	0	14		
105615	1056	0	3	65	decamación branquia 	0	15		
105616	1056	1	1	73	decamación branquia 	0	16		
105617	1056	0	2	76	decamación branquia 	0	17		
105618	1056	1	2	79	decamación branquia 	0	18		
105619	1056	0	2	70	decamación branquia 	0	19		
105620	1056	1	1	77	decamación branquia 	0	20		
105621	1056	1	1	71	decamación branquia 	0	21		
105622	1056	1	1	70	decamación branquia 	0	22		
105623	1056	0	3	75	decamación branquia 	0	23		
105624	1056	0	2	70	decamación branquia 	0	24		
105625	1056	0	2	68	decamación branquia 	0	25		
105626	1056	0	2	70	sin glándula, decamación branquia 	0	26		
105627	1056	0	2	69	decamación branquia 	0	27		
105628	1056	0	2	70	decamación branquia 	0	28		
105629	1056	1	1	76	ciliados intracelular en glándula, decamación branquia 	0	29		
105630	1056	1	2	78	decamación branquia 	0	30		
105910	1059	1	1	58		0	10		
105911	1059	1	1	63	1 metazoo en pie, decamación branquia 	0	11		
105912	1059	1	1	60	decamación branquia, 3 metazoos en pie, desconocido en nefridio 	0	12		
105913	1059	0	2	62		0	13		
105914	1059	1	1	54	decamación branquia 	0	14		
105915	1059	0	3	72		0	15		
105916	1059	0	3	70	decamación branquia 	0	16		
105917	1059	0	3	70	decamación branquia, sin glándula 	0	17		
105918	1059	0	3	71		0	18		
105919	1059	3	4	0		0	19		
105920	1059	1	1	56		0	20		
106510	1065	1	1	68	decamación branquia 	0	10		
106511	1065	1	1	61	decamación branquia 	0	11		
106512	1065	1	1	61	decamación branquia 	0	12		
106513	1065	0	1	54	decamación branquia 	0	13		
106514	1065	1	1	58	decamación branquia 	0	14		
106515	1065	1	1	61	decamación branquia 	0	15		
106516	1065	0	1	66	decamación branquia 	0	16		
106517	1065	1	1	63	decamación branquia 	0	17		
106518	1065	1	1	63	decamación branquia 	0	18		
106519	1065	3	4	70	decamación branquia 	0	19		
106520	1065	1	1	72	decamación branquia 	0	20		
106521	1065	1	1	63	decamación branquia 	0	21		
106522	1065	0	1	77	decamación branquia 	0	22		
106523	1065	1	1	71	decamación branquia 	0	23		
106524	1065	0	1	70	decamación branquia 	0	24		
106525	1065	3	4	0		0	25		
106526	1065	0	1	61	decamación branquia 	0	26		
106527	1065	0	1	80	decamación branquia 	0	27		
106528	1065	1	1	80	decamación branquia 	0	28		
106529	1065	0	1	78	decamación branquia 	0	29		
106530	1065	0	1	73	decamación branquia 	0	30		
106610	1066	0	1	62	decamación branquia 	0	10		
106611	1066	1	1	70	decamación branquia 	0	11		
106612	1066	2	3	70	decamación branquia 	0	12		
106613	1066	1	1	61	decamación branquia 	0	13		
106614	1066	1	1	65	decamación branquia 	0	14		
106615	1066	0	2	70	decamación branquia 	0	15		
106616	1066	0	1	78	decamación branquia 	0	16		
106617	1066	0	1	70	decamación branquia 	0	17		
106618	1066	1	1	63	decamación branquia 	0	18		
106619	1066	0	1	60	decamación branquia 	0	19		
106620	1066	0	3	65		0	20		
106621	1066	1	1	73	decamación branquia 	0	21		
106622	1066	1	1	68	decamación branquia 	0	22		
106623	1066	1	1	58	decamación branquia 	0	23		
106624	1066	1	1	63	decamación branquia 	0	24		
106625	1066	0	1	70	decamación branquia 	0	25		
106626	1066	1	1	73	decamación branquia 	0	26		
106627	1066	1	1	75	decamación branquia 	0	27		
106628	1066	1	1	60	decamación branquia 	0	28		
106629	1066	1	1	80	decamación branquia 	0	29		
106630	1066	0	1	70	decamación branquia 	0	30		
106710	1067	0	3	65		0	10		
106711	1067	0	2	80	decamación branquia 	0	11		
106712	1067	3	4	74	decamación branquia 	0	12		
106713	1067	1	1	75	ciliados intracelular en glándula, decamación branquia 	0	13		
106714	1067	0	1	80	decamación branquia 	0	14		
106715	1067	0	2	66	decamación branquia 	0	15		
106716	1067	1	2	60	decamación branquia 	0	16		
106717	1067	0	2	70	decamación branquia 	0	17		
106718	1067	1	1	90	decamación branquia 	0	18		
106719	1067	1	1	68	sin glándula, decamación branquia 	0	19		
106720	1067	0	3	70	decamación branquia 	0	20		
106721	1067	1	1	62	decamación branquia 	0	21		
106722	1067	1	1	72	decamación branquia 	0	22		
106723	1067	1	1	70	decamación branquia 	0	23		
106724	1067	1	1	68		0	24		
106725	1067	1	1	81	decamación branquia 	0	25		
106726	1067	1	1	68	decamación branquia 	0	26		
106727	1067	0	3	66		0	27		
106728	1067	1	1	68	decamación branquia 	0	28		
106729	1067	0	2	67	decamación branquia 	0	29		
106730	1067	0	1	67	decamación branquia 	0	30		
106810	1068	0	1	55	decamación branquia 	0	10		
106811	1068	0	1	62	decamación branquia 	0	11		
106812	1068	0	1	64		0	12		
106813	1068	0	1	70	decamación branquia 	0	13		
106814	1068	0	1	61	decamación branquia 	0	14		
106815	1068	1	1	65	decamación branquia 	0	15		
106816	1068	1	1	63	decamación branquia 	0	16		
106817	1068	1	1	58	decamación branquia 	0	17		
106818	1068	1	1	64	decamación branquia 	0	18		
106819	1068	1	1	60	decamación branquia 	0	19		
106820	1068	1	1	50	decamación branquia 	0	20		
106821	1068	0	1	58	decamación branquia 	0	21		
106822	1068	0	1	60	decamación branquia 	0	22		
106823	1068	0	1	58	decamación branquia 	0	23		
106824	1068	1	1	56	decamación branquia 	0	24		
106825	1068	1	1	60	decamación branquia 	0	25		
106826	1068	1	1	62	decamación branquia 	0	26		
106827	1068	1	1	63	decamación branquia 	0	27		
106828	1068	0	2	58	decamación branquia 	0	28		
106829	1068	1	1	59	decamación branquia 	0	29		
106830	1068	1	1	58		0	30		
106910	1069	1	3	62	decamación branquia 	0	10		
106911	1069	0	3	65		0	11		
106912	1069	1	1	68	decamación branquia 	0	12		
106913	1069	0	3	60	decamación branquia 	0	13		
106914	1069	0	1	62		0	14		
106915	1069	0	1	66	decamación branquia 	0	15		
106916	1069	1	1	68		0	16		
106917	1069	0	1	62	decamación branquia 	0	17		
106918	1069	0	1	62		0	18		
106919	1069	0	1	62	decamación branquia 	0	19		
106920	1069	0	1	69	decamación branquia 	0	20		
106921	1069	0	1	68	decamación branquia 	0	21		
106922	1069	0	1	63	decamación branquia 	0	22		
106923	1069	1	1	68	decamación branquia 	0	23		
106924	1069	0	1	71	decamación branquia 	0	24		
106925	1069	1	1	68	decamación branquia 	0	25		
106926	1069	0	1	66	decamación branquia 	0	26		
106927	1069	0	1	66	decamación branquia 	0	27		
106928	1069	1	1	75	decamación branquia 	0	28		
106929	1069	0	1	69	decamación branquia 	0	29		
106930	1069	1	1	68		0	30		
919100	919	0	1	47		0	19-C-5	3	
919101	919	0	1	44		0	19-C-6	3	
919102	919	0	1	47		0	19-C-7	3	
919103	919	0	1	51		0	19-C-8	3	
919104	919	0	1	46		0	23-C-1	3	
919105	919	1	0	52		0	23-C-2	3	
919106	919	1	0	60		0	27-C-1	3	
919107	919	0	1	53		0	27-C-2	3	
919108	919	0	3	61		0	31-C-1	3	
919109	919	0	1	58		0	31-C-2	3	
919110	919	1	1	64		0	31-C-3	3	
919111	919	1	1	56		0	31-C-4	3	
919112	919	0	1	53		0	35-C-1	3	
919113	919	1	0	57	nefridio dilatados 	0	35-C-2	3	
919114	919	0	1	60		0	35-C-3	3	
919115	919	1	0	57		0	35-C-4	3	
919116	919	1	1	54		0	35-C-5	3	
919117	919	1	0	57	desconocido en manto 	0	35-C-6	3	
919118	919	1	1	55		0	35-C-7	3	
919119	919	1	0	52		0	35-C-8	3	
919120	919	3	4	64		0	4-D-1	3	
919121	919	1	3	55		0	4-D-2	3	
919122	919	0	3	55	nefridio dilatados 	0	4-D-3	3	
919123	919	0	2	50		0	4-D-4	3	
919124	919	0	2	54		0	4-D-5	3	
919125	919	1	0	53	nefridio dilatados 	0	4-D-6	3	
919126	919	0	2	60		0	8-D-1	3	
919127	919	0	1	58		0	8-D-2	3	
919128	919	1	1	58		0	8-D-3	3	
919129	919	1	0	58		0	12-D-1	3	
919130	919	0	1	55		0	12-D-2	3	
919131	919	1	1	47		0	16-D-1	3	
919132	919	1	1	48		0	16-D-2	3	
919133	919	1	0	53		0	16-D-3	3	
919134	919	0	1	45		0	20-D-1	3	
919135	919	1	1	50		0	20-D-2	3	
919136	919	1	0	47		0	20-D-3	3	
919137	919	0	1	50		0	20-D-4	3	
919138	919	0	0	50		0	20-D-5	3	
919139	919	0	1	45		0	24-D-1	3	
919140	919	1	2	54		0	24-D-2	3	
919141	919	1	0	59		0	28-D-1	3	
919142	919	0	1	55		0	28-D-2	3	
919143	919	1	2	55		0	32-D-1	3	
919144	919	0	2	61		0	32-D-2	3	
919145	919	0	1	57		0	32-D-3	3	
919146	919	3	4	53		0	32-D-4	3	
919147	919	0	1	65		0	36-D-1	3	
919148	919	1	0	45		0	36-D-2	3	
919149	919	0	1	63	nefridio dilatados 	0	36-D-3	3	
919150	919	0	2	56	nefridio dilatados 	0	36-D-4	3	
919151	919	0	1	57		0	36-D-5	3	
919152	919	1	3	63		0	36-D-6	3	
919153	919	0	1	54	metazoos cerca de bránquia 	0	36-D-7	3	
931100	931	0	1	61	nefridio dilatados 	0	40	4	
931101	931	1	3	60		0	71	4	
931102	931	1	1	55	nefridio dilatados 	0	72	4	
931103	931	0	1	63		0	73	4	
931104	931	0	1	61	nefridio dliat	0	74	4	
931105	931	0	1	66	hoyos	0	75	4	
931106	931	1	1	65	decamación branquia 	0	76	4	
931107	931	1	0	55		0	77	4	
931108	931	1	1	64	decamación branquia, hoyos	0	78	4	
931109	931	0	1	60		0	79	4	
931110	931	0	1	63	decamación branquia 	0	80	4	
931111	931	1	3	65	decamación branquia 	0	111	4	
931112	931	1	1	61	decamación branquia 	0	112	4	
931113	931	0	1	56	hoyos, decamación branquia 	0	113	4	
931114	931	0	0	53	hoyos, decamación branquia 	0	114	4	
931115	931	1	1	69	hoyos	0	115	4	
931116	931	1	0	67	desconocido en glándula 	0	116	4	
931117	931	1	0	59	decamación branquia 	0	117	4	
931118	931	1	1	67	decamación branquia 	0	118	4	
931119	931	1	1	68		0	119	4	
931120	931	1	1	67	decamación branquia 	0	120	4	
